"Presence","Tairmin","Tairmax","Snowmed","Wind","density.Mean_SNODAS","Cover"
0,1.35416666666667,4.8535,6.1333333333333,1.12650462962963,0.200956791639328,"Dec"
0,-0.749,2.09816666666667,6.39999999999998,0.517106481481482,0.200956791639328,"Dec"
0,-1.52583333333333,0.509166666666667,6.35416666666665,0.277291666666667,0.200956791639328,"Dec"
0,-1.38083333333333,0.155166666666667,8.45416666666665,0.0289583333333333,0.200956791639328,"Dec"
0,-0.8365,0.4625,9.74999999999998,0.802611986986987,0.200956791639328,"Dec"
0,-4.238,1.25,6.65416666666665,1.6762037037037,0.200956791639328,"Dec"
0,-7.93916666666667,-4.85166666666667,7.4208333333333,3.00731481481481,0.200956791639328,"Dec"
0,-9.96733333333333,-5.00983333333333,7.52916666666665,1.46731481481481,0.200956791639328,"Dec"
0,-8.32166666666667,-3.24416666666667,9.59166666666665,0.914976851851852,0.200956791639328,"Dec"
1,-10.9085,-6.066,7.125,0.402847222222222,0.200956791639328,"Dec"
1,-6.92516666666667,-2.24333333333333,17.4625,0.0229166666666667,0.200956791639328,"Dec"
1,-14.8786666666667,-3.65816666666667,17.4333333333334,0.777592592592593,0.200956791639328,"Dec"
1,-15.6223333333333,-10.0105,15.9791666666667,1.11652777777778,0.200956791639328,"Dec"
1,-17.1578333333333,-8.99866666666667,15.0083333333333,2.26655092592593,0.200956791639328,"Dec"
1,-19.9558333333333,-11.5881666666667,14.9583333333333,0.817962962962963,0.200956791639328,"Dec"
1,-14.5783333333333,-8.809,15.0333333333333,0.10141677531508,0.200956791639328,"Dec"
1,-12.9568333333333,-8.1545,21.5666666666666,0.490972222222222,0.200956791639328,"Dec"
1,-23.1711666666667,-12.9463333333333,24.725,0.830486111111111,0.200956791639328,"Dec"
1,-23.047,-10.8326666666667,24.375,2.10840069133698,0.200956791639328,"Dec"
1,-10.612,0.268333333333333,24.4791666666667,3.58157407407407,0.200956791639328,"Dec"
1,-3.73683333333333,1.93483333333333,23.475,1.13009259259259,0.200956791639328,"Dec"
1,-6.63533333333333,2.58483333333333,22.7833333333333,1.23702359617682,0.200956791639328,"Dec"
1,-3.76633333333333,1.712,21.2458333333333,0.531643518518518,0.200956791639328,"Dec"
1,0.0173333333333333,1.86833333333333,19.5375,0.110671296296296,0.200956791639328,"Dec"
1,-0.0126666666666667,2.7775,17.1875,0.978819444444445,0.200956791639328,"Dec"
1,-5.74233333333333,6.261,11.1708333333334,3.61590277777778,0.200956791639328,"Dec"
1,-11.4968333333333,-2.181,9.16666666666665,1.32631944444444,0.200956791639328,"Dec"
1,-10.8266666666667,3.05716666666667,8.28749999999997,1.57953703703704,0.200956791639328,"Dec"
1,-2.70933333333333,1.12516666666667,7.22083333333333,1.98041517847479,0.200956791639328,"Dec"
1,-6.408,-0.290166666666667,8.16666666666665,0.98224537037037,0.200956791639328,"Dec"
1,-7.97366666666667,0.546333333333333,10.2833333333333,1.04916666666667,0.200956791639328,"Dec"
1,-10.009,2.14116666666667,10.3083333333333,0.987754629629629,0.200956791639328,"Dec"
1,-8.33583333333333,2.96033333333333,10.4208333333333,0.191921296296296,0.200956791639328,"Dec"
1,-12.2196666666667,1.14616666666667,8.97916666666665,0.952384259259259,0.200956791639328,"Dec"
1,-16.2308333333333,-10.9108333333333,10.3041666666667,1.64016203703704,0.200956791639328,"Dec"
1,-18.7751666666667,-13.3003333333333,8.3208333333333,0.998865740740741,0.200956791639328,"Dec"
1,-19.9696666666667,-14.8065,8.45416666666665,0.530347222222222,0.200956791639328,"Dec"
1,-20.1196666666667,-9.80316666666667,8.52499999999998,0.811134259259259,0.200956791639328,"Dec"
1,-19.7818333333333,-8.24133333333333,8.82083333333333,0.74537037037037,0.200956791639328,"Dec"
1,-8.5175,-1.501,8.84166666666665,0.588379629629629,0.200956791639328,"Dec"
1,-8.5535,5.73583333333333,7.60416666666665,2.11458333333333,0.200956791639328,"Dec"
1,-8.6115,0.759833333333333,6.9125,1.16502314814815,0.200956791639328,"Dec"
1,-10.5645,-5.10566666666667,7.2583333333333,0.959398148148148,0.200956791639328,"Dec"
1,-14.7095,-9.85316666666667,7.35396174863386,0.600990971162294,0.200956791639328,"Dec"
1,-11.0878333333333,-1.6755,8.28253968253967,0.208102378477244,0.200956791639328,"Dec"
1,-12.8776666666667,2.14833333333333,NA,0.217256944444444,0.200956791639328,"Dec"
1,-6.21466666666667,1.001,NA,0.203506944444444,0.200956791639328,"Dec"
1,0.498166666666667,1.5855,NA,0.109027777777778,0.200956791639328,"Dec"
1,-0.272666666666667,1.95466666666667,NA,1.80631944444444,0.200956791639328,"Dec"
1,0.131833333333333,2.2590243902439,7.01666666666665,0.221153770297811,0.200956791639328,"Dec"
1,0.657833333333333,3.0025,6.8708333333333,0.167824074074074,0.200956791639328,"Dec"
1,0.832666666666667,6.92833333333333,6.44999999999997,0.188287037037037,0.200956791639328,"Dec"
1,1.42783333333333,5.0965,5.39583333333333,0.213541666666667,0.200956791639328,"Dec"
1,1.27266666666667,4.11516666666667,4.52499999999998,0.325046296296296,0.200956791639328,"Dec"
1,-0.473666666666667,2.68066666666667,5.85416666666665,0.220324074074074,0.200956791639328,"Dec"
1,-0.6,0.572333333333333,9.1458333333333,0.396215099405706,0.200956791639328,"Dec"
1,-3.21888888888889,0.228833333333333,11.6881673881674,0.88639362423876,0.200956791639328,"Dec"
1,-7.30322580645161,-3.0045,10.9484724292101,2.03517233831746,0.200956791639328,"Dec"
1,-6.87193548387097,-2.77033333333333,9.64186507936506,0.796917558133556,0.200956791639328,"Dec"
1,-10.7583606393443,-3.62833333333333,10.8296959005377,0.648390376215883,0.200956791639328,"Dec"
1,-15.9506666666667,-0.2985,10.3416666666667,0.294815884415471,0.200956791639328,"Dec"
1,-0.764333333333333,3.52366666666667,9.14166666666665,1.41866248251668,0.200956791639328,"Dec"
1,-10.3949180491803,0.88375,10.5916666666667,0.939805985263069,0.200956791639328,"Dec"
1,-13.0708955223881,-6.79,12.3714743589743,1.33803113328667,0.200956791639328,"Dec"
1,-13.3629032258065,-4.71933333333333,9.82602639296185,1.45411275490859,0.200956791639328,"Dec"
1,-16.8068333333333,-1.55116666666667,9.6763440860215,1.47635768013379,0.200956791639328,"Dec"
1,-8.18934427868852,1.51366666666667,8.74744623655913,0.762406243702273,0.200956791639328,"Dec"
1,-10.3173333333333,6.2515,8.6524149479993,0.0782089149207861,0.200956791639328,"Dec"
1,-2.52783333333333,1.78866666666667,8.29075940860214,0.801258968760743,0.200956791639328,"Dec"
1,-11.6208333333333,-2.195,8.2958333333333,1.4668287037037,0.200956791639328,"Dec"
1,-13.7958333333333,-5.54883333333333,9.22916666666665,1.14763888888889,0.200956791639328,"Dec"
1,-7.64883333333333,6.20283333333333,7.82916666666665,1.7512962962963,0.200956791639328,"Dec"
1,0.476333333333333,5.82166666666667,7.02083333333333,0.202175925925926,0.200956791639328,"Dec"
1,-1.07616666666667,4.77483333333333,7.09999999999997,1.5225,0.200956791639328,"Dec"
1,-4.86033333333333,7.995,6.79166666666665,2.16988425925926,0.200956791639328,"Dec"
1,-0.340833333333333,8.63166666666667,5.64166666666665,2.14745051085568,0.200956791639328,"Dec"
1,-5.2185,1.568,4.49999999999998,1.47141203703704,0.200956791639328,"Dec"
1,-2.7405,4.696,4.89166666666665,0.215486111111111,0.200956791639328,"Dec"
1,-4.85983333333333,17.2661666666667,NA,0.990162037037037,0.200956791639328,"Dec"
1,-0.476333333333333,17.7791666666667,NA,0.926689814814815,0.200956791639328,"Dec"
1,-3.6055,18.495,NA,0.176782407407407,0.200956791639328,"Dec"
1,1.15133333333333,17.8936666666667,NA,0.287483129315757,0.200956791639328,"Dec"
1,3.98116666666667,18.2548333333333,NA,0.831134259259259,0.200956791639328,"Dec"
1,7.59916666666667,21.7041666666667,NA,2.49048611111111,0.200956791639328,"Dec"
1,-0.173666666666667,8.91516666666667,NA,1.19071759259259,0.200956791639328,"Dec"
1,-4.35083333333333,0.531166666666667,NA,1.78967592592593,0.200956791639328,"Dec"
1,-9.23466666666667,-2.81533333333333,NA,1.39719907407407,0.200956791639328,"Dec"
1,-7.653,6.45083333333333,NA,2.19164351851852,0.200956791639328,"Dec"
1,-7.40083333333333,10.6785,NA,0.641967592592593,0.200956791639328,"Dec"
1,1.7,9.469,NA,0.0977083333333333,0.200956791639328,"Dec"
1,-5.45266666666667,5.50433333333333,NA,1.04810185185185,0.200956791639328,"Dec"
1,-5.84,-1.778,NA,0.630762878893361,0.200956791639328,"Dec"
1,-11.3903333333333,-0.887,NA,0.688888888888889,0.200956791639328,"Dec"
1,-3.70866666666667,3.29933333333333,NA,0.809541759053954,0.200956791639328,"Dec"
1,-1.153,14.28,NA,0.367777777777778,0.200956791639328,"Dec"
1,9.367,17.379,NA,2.39607638888889,0.200956791639328,"Dec"
1,2.56916666666667,14.774,NA,4.88458333333333,0.200956791639328,"Dec"
1,0.6265,7.55783333333333,NA,4.45831146589517,0.200956791639328,"Dec"
1,-1.4255,3.51916666666667,NA,0.618888888888889,0.200956791639328,"Dec"
1,-8.06716666666667,-1.74133333333333,3.5833333333333,2.02692701622229,0.200956791639328,"Dec"
1,-10.5176666666667,-3.27833333333333,3.79166666666665,1.25168981481481,0.200956791639328,"Dec"
1,-9.2375,-0.8885,3.55833333333333,0.537847222222222,0.200956791639328,"Dec"
1,-7.06666666666667,-4.01866666666667,9.83333333333331,1.44215277777778,0.200956791639328,"Dec"
1,-11.8896666666667,-3.48266666666667,9.53749999999998,1.23194444444444,0.200956791639328,"Dec"
1,-13.1483333333333,1.44,7.57083333333333,0.739560185185185,0.200956791639328,"Dec"
1,-12.0323333333333,5.3485,5.9708333333333,0.615025847240521,0.200956791639328,"Dec"
0,0.2135,13.1483333333333,6.0083333333333,0.748344907407408,0.200956791639328,"Dec"
0,-1.47083333333333,5.77666666666667,5.38333333333332,1.25149305555556,0.200956791639328,"Dec"
0,-5.6195,12.5318333333333,3.67499999999997,0.830734427609428,0.200956791639328,"Dec"
0,0.0271666666666667,16.1175,3.46666666666665,0.672650462962963,0.200956791639328,"Dec"
0,-1.24766666666667,9.72816666666667,2.73749999999997,1.32538194444444,0.200956791639328,"Dec"
0,-5.649,4.42423728813559,3.19583333333332,1.09487180988925,0.200956791639328,"Dec"
0,-2.95183333333333,7.80783333333333,2.34999999999997,1.0119212962963,0.200956791639328,"Dec"
0,3.57616666666667,16.3623333333333,2.32916666666665,1.24740740740741,0.200956791639328,"Dec"
0,2.332,4.13333333333333,2.71666666666665,1.68287037037037,0.200956791639328,"Dec"
0,3.95883333333333,7.63833333333333,3.4,0.248472222222222,0.200956791639328,"Dec"
0,4.89833333333333,8.89833333333333,4.27499999999998,0.157800925925926,0.200956791639328,"Dec"
0,3.8885,14.2595,4.19166666666665,0.601504629629629,0.200956791639328,"Dec"
0,-1.1295,9.39683333333333,2.87083333333332,1.21798611111111,0.200956791639328,"Dec"
0,2.90716666666667,4.55683333333333,3.43749999999998,2.14625,0.200956791639328,"Dec"
0,-0.478333333333333,7.79783333333333,3.15416666666665,1.25881944444444,0.200956791639328,"Dec"
0,-2.866,0.711,26.85,1.18565972222222,0.190250381827354,"Con"
0,-3.6605,-1.29173913043478,26.5583333333333,0.572467301337165,0.190250381827354,"Con"
0,-3.70433333333333,-1.4215,27.2458333333334,0.1859375,0.190250381827354,"Con"
0,-3.69533333333333,0.303166666666667,28.9333333333333,0.354236111111111,0.190250381827354,"Con"
0,-1.92383333333333,0.814333333333333,29.9333333333333,0.560625,0.190250381827354,"Con"
0,-7.521,1.271,29.2666666666667,1.38333333333333,0.190250381827354,"Con"
0,-9.84066666666667,-7.10333333333333,31.7041666666667,2.08604166666667,0.190250381827354,"Con"
0,-10.7438333333333,-5.0144,32.5391025641025,1.48316671460071,0.190250381827354,"Con"
0,-14.378,-10.3641666666667,32.475,0.306016486060943,0.190250381827354,"Con"
0,-17.8205,-13.8956666666667,34.35,0.0946759259259259,0.190250381827354,"Con"
0,-16.2055,-7.12983333333333,33.6,0.189398148148148,0.190250381827354,"Con"
0,-18.587,-11.4641666666667,35.4541666666667,0.24218996660595,0.190250381827354,"Con"
0,-23.0555,-14.3636666666667,35.5166666666667,0.684837962962963,0.190250381827354,"Con"
0,-22.1353333333333,-15.0363333333333,34.1416666666667,1.82104166666667,0.190250381827354,"Con"
0,-24.2903333333333,-14.8349122807018,34.3916666666667,0.621122357174989,0.190250381827354,"Con"
0,-19.8578333333333,-11.85,34.1833333333333,0.0657878787878788,0.190250381827354,"Con"
0,-25.807,-14.736,37.8916666666667,0.967502621331049,0.190250381827354,"Con"
0,-29.8718333333333,-19.8846666666667,37.9541666666667,0.321390847958012,0.190250381827354,"Con"
1,-24.0328333333333,-4.53583333333333,37.2875,1.01163405145861,0.190250381827354,"Con"
1,-7.08166666666667,2.95633333333333,36.4958333333334,1.92895380205079,0.190250381827354,"Con"
1,-7.50866666666667,0.911666666666667,36.0583333333333,0.787075406496658,0.190250381827354,"Con"
1,-7.547,4.96383333333333,35.8291666666667,0.68574515656591,0.190250381827354,"Con"
1,-4.66516666666667,2.02322580645161,35.9541666666667,0.55438068763145,0.190250381827354,"Con"
1,-5.868,0.75031746031746,35.6208333333334,0.526614386375941,0.190250381827354,"Con"
1,-5.40083333333333,-0.208333333333333,35.6625,2.28962882976501,0.190250381827354,"Con"
1,-11.3896666666667,2.195,36.7041666666667,2.36805879619439,0.190250381827354,"Con"
1,-16.7451666666667,-10.0371428571429,37.1041666666667,0.715211289796292,0.190250381827354,"Con"
1,-15.2405,-2.297,37.0708333333333,0.362962962962963,0.190250381827354,"Con"
1,-7.83233333333333,-2.91583333333333,37.5125,1.95219907407407,0.190250381827354,"Con"
1,-13.341,-7.87616666666667,37.4958333333334,0.385393518518518,0.190250381827354,"Con"
1,-13.0675,-6.75016666666667,36.8541666666667,0.793310185185185,0.190250381827354,"Con"
1,-11.4601666666667,-4.28333333333333,37.2625,0.481365740740741,0.190250381827354,"Con"
1,-9.5075,-1.3645,38.9958333333334,0.628703703703704,0.190250381827354,"Con"
1,-19.7625,-1.28933333333333,40.3083333333333,1.59069444444444,0.190250381827354,"Con"
1,-25.9305,-20.1023333333333,40.9291666666666,1.42430555555556,0.190250381827354,"Con"
1,-27.7585,-19.3008333333333,40.9291666666666,0.508726851851852,0.190250381827354,"Con"
1,-29.5063333333333,-17.2405,40.9166666666667,0.186458333333333,0.190250381827354,"Con"
1,-23.3288333333333,-15.8115,40.6708333333333,0.803148148148148,0.190250381827354,"Con"
1,-27.57,-11.397,40.6208333333334,0.363240740740741,0.190250381827354,"Con"
1,-13.3328333333333,-8.15133333333333,43.2833333333333,0.293287037037037,0.190250381827354,"Con"
1,-18.3678333333333,-5.05783333333333,45.5041666666666,0.721388888888889,0.190250381827354,"Con"
1,-22.7243333333333,-14.8861666666667,48.3333333333333,0.134971214524069,0.190250381827354,"Con"
1,-26.9035,-12.6171666666667,47.8583333333333,1.08500590256213,0.190250381827354,"Con"
1,-31.699,-15.5616666666667,47.3541666666667,0.204074074074074,0.190250381827354,"Con"
1,-18.7928333333333,-6.23633333333333,46.2916666666667,0.217824074074074,0.190250381827354,"Con"
1,-20.6893333333333,-2.5375,45.525,0.329490740740741,0.190250381827354,"Con"
1,-11.1358333333333,-0.0935,44.95,0.0586574074074074,0.190250381827354,"Con"
1,-11.9535,3.69,44.5166666666667,0.063449074074074,0.190250381827354,"Con"
1,-5.058,4.2665,44.0666666666666,0.534351851851852,0.190250381827354,"Con"
1,-2.81783333333333,7.56333333333333,43.1416666666667,0.328204054751659,0.190250381827354,"Con"
1,0.2835,1.74416666666667,40.5583333333333,0.356018518518519,0.190250381827354,"Con"
1,0.424,1.6695,38.9041666666667,0.0823693502824859,0.190250381827354,"Con"
1,0.414166666666667,2.595,37.6083333333333,0.0240277777777778,0.190250381827354,"Con"
1,-0.3665,1.9825,36.0666666666667,0.0284722222222222,0.190250381827354,"Con"
1,-2.01933333333333,-0.191,35.3666666666667,0.0289814814814815,0.190250381827354,"Con"
1,-4.699,-1.71183333333333,35.375,0.857314814814815,0.190250381827354,"Con"
1,-6.416,-2.36983333333333,35.6,1.50537037037037,0.190250381827354,"Con"
1,-8.936,-0.698333333333333,37.2083333333333,1.05625645334113,0.190250381827354,"Con"
1,-7.22616666666667,-4.22716666666667,35.6708333333333,1.66988425925926,0.190250381827354,"Con"
1,-17.1816666666667,-6.93783333333333,35.4125,0.856180555555556,0.190250381827354,"Con"
1,-15.9728333333333,-6.80616666666667,37.5625,0.429652777777778,0.190250381827354,"Con"
1,-8.05866666666667,-0.229,42.3958333333333,0.698634259259259,0.190250381827354,"Con"
1,-15.3518333333333,-3.79883333333333,42.8375,1.68078703703704,0.190250381827354,"Con"
1,-19.7506666666667,-11.9191666666667,42.3583333333333,1.27207782186949,0.190250381827354,"Con"
1,-20.7065,-7.83,42.4541666666667,0.842731481481482,0.190250381827354,"Con"
1,-16.5176666666667,-2.29865384615385,42.55,0.350212455183743,0.190250381827354,"Con"
1,-15.4268333333333,-5.52383333333333,41.6458333333333,0.877708333333333,0.190250381827354,"Con"
1,-12.2408333333333,-5.01833333333333,40.9791666666667,0.735694444444444,0.190250381827354,"Con"
1,-12.9796666666667,-4.54933333333333,46.2375,1.18650462962963,0.190250381827354,"Con"
1,-23.4815,-13.159,48.4083333333333,0.90150462962963,0.190250381827354,"Con"
1,-23.9761666666667,-9.25883333333333,47.3541666666667,0.529421296296296,0.190250381827354,"Con"
1,-10.703,5.005,46.4833333333333,1.09183805649083,0.190250381827354,"Con"
1,-3.2685,2.15883333333333,45.975,0.301203703703704,0.190250381827354,"Con"
1,-5.48516666666667,2.81666666666667,45.4916666666667,2.10023148148148,0.190250381827354,"Con"
1,-6.754,6.4295,44.825,0.774212962962963,0.190250381827354,"Con"
1,-6.64616666666667,2.23366666666667,43.8625,2.35800925925926,0.190250381827354,"Con"
1,-13.1406666666667,-2.51983333333333,43.5,0.348796296296296,0.190250381827354,"Con"
1,-9.3685,2.79916666666667,43.4166666666667,0.831226851851852,0.190250381827354,"Con"
1,-5.3125,12.2166666666667,42.9375,0.300162037037037,0.190250381827354,"Con"
1,1.59583333333333,11.4253333333333,37.7228070175439,1.08361598440546,0.190250381827354,"Con"
1,-2.1615,7.87783333333333,34.6125,0.791134259259259,0.190250381827354,"Con"
1,1.046,7.27383333333333,33.8291666666667,1.20576388888889,0.190250381827354,"Con"
1,0.0315,9.68666666666667,31.9083333333334,0.614143518518518,0.190250381827354,"Con"
1,0.00133333333333333,8.20166666666667,28.0791666666667,0.314953703703704,0.190250381827354,"Con"
1,-6.17416666666667,0.414666666666667,29.1291666666666,0.631736111111111,0.190250381827354,"Con"
1,-10.1073333333333,-6.02616666666667,26.8625,1.13034722222222,0.190250381827354,"Con"
1,-14.7203333333333,-2.33783333333333,27.2958333333333,1.25974915137461,0.190250381827354,"Con"
1,-16.4768333333333,-3.4305,29.8666666666667,0.532083333333333,0.190250381827354,"Con"
1,-17.31,2.363,29.6958333333333,0.289606089139987,0.190250381827354,"Con"
1,-4.10933333333333,0.6875,30.9958333333334,0.035625,0.190250381827354,"Con"
1,-8.68916666666667,-0.142,31.4458333333333,0.534490740740741,0.190250381827354,"Con"
1,-14.629,-7.44933333333333,31.6041666666667,1.24476851851852,0.190250381827354,"Con"
1,-23.7553333333333,-4.00616666666667,31.3,0.22474537037037,0.190250381827354,"Con"
1,-10.8298333333333,3.9905,29.4583333333333,1.75898148148148,0.190250381827354,"Con"
1,-1.21516666666667,10.1253333333333,28.6958333333334,1.494375,0.190250381827354,"Con"
0,1.6025,9.7075,26.3625,1.33030092592593,0.190250381827354,"Con"
0,-6.981,9.00333333333333,27.2041666666667,3.29800925925926,0.190250381827354,"Con"
0,-12.2685,-4.6845,26.8583333333333,3.37736111111111,0.190250381827354,"Con"
0,-13.979,-4.7575,27.075,1.61601851851852,0.190250381827354,"Con"
0,-21.9178333333333,-11.327,27.5833333333333,1.37590277777778,0.190250381827354,"Con"
0,-19.8861666666667,-8.11366666666667,27.325,0.775277777777778,0.190250381827354,"Con"
0,-15.743,-7.26883333333333,26.675,0.25162037037037,0.190250381827354,"Con"
0,-15.2993333333333,-5.10533333333333,26.6625,0.342476851851852,0.190250381827354,"Con"
0,-19.4788333333333,-1.77816666666667,26.2125,0.356041666666667,0.190250381827354,"Con"
0,-16.9463333333333,2.38933333333333,26.7166666666666,0.294814814814815,0.190250381827354,"Con"
0,-10.1956666666667,5.743,26.9375,0.849490740740741,0.190250381827354,"Con"
0,-1.4465,2.45533333333333,28.0875,0.978240740740741,0.190250381827354,"Con"
0,-4.1,2.3245,27.5875,1.40888888888889,0.190250381827354,"Con"
0,-4.48716666666667,7.6205,27.6916666666667,1.06632960936313,0.190250381827354,"Con"
0,1.84016666666667,10.6935,27.5541666666667,0.821782407407407,0.190250381827354,"Con"
0,-8.889,3.33216666666667,27.4958333333334,1.84877314814815,0.190250381827354,"Con"
0,-12.6708333333333,1.7305,27.4791666666667,0.843888888888889,0.190250381827354,"Con"
0,-2.41783333333333,2.5055,26.2875,0.945578703703704,0.190250381827354,"Con"
0,-0.1895,3.6552380952381,26.0565476190476,0.180338727127581,0.190250381827354,"Con"
0,-0.745,2.09566666666667,26.3125,0.941226851851852,0.190250381827354,"Con"
0,-1.00983333333333,2.59483333333333,26.3208333333333,0.0981944444444445,0.190250381827354,"Con"
0,-1.50366666666667,11.771,26.5625,0.0992713844797178,0.190250381827354,"Con"
0,-3.50716666666667,15.093,25.675,0.200787037037037,0.190250381827354,"Con"
0,-0.7245,3.30866666666667,25.9833333333333,1.07189814814815,0.190250381827354,"Con"
0,-1.00983333333333,8.68933333333333,25.6125,0.77337962962963,0.190250381827354,"Con"
0,-3.033,13.2803333333333,26.475,0.243171296296296,0.190250381827354,"Con"
0,-2.20066666666667,1.15083333333333,18.875,0.831701388888889,0.171446159482002,"Dec"
0,-2.677,-1.713,18.75,0.429894389860709,0.171446159482002,"Dec"
0,-3.04166666666667,-1.59066666666667,16.2708333333333,0.213287037037037,0.171446159482002,"Dec"
0,-2.8685,0.369,17.1458333333333,0.992731481481481,0.171446159482002,"Dec"
0,-4.16016666666667,1.36833333333333,19.0208333333333,1.02425925925926,0.171446159482002,"Dec"
0,-7.55016666666667,1.06133333333333,19.125,1.03175925925926,0.171446159482002,"Dec"
0,-9.88983333333333,-7.01583333333333,17.0625,0.874583333333333,0.171446159482002,"Dec"
0,-9.8395,-4.87416666666667,18.2291666666667,0.778587962962963,0.171446159482002,"Dec"
0,-13.2175,-8.5405,19.4791666666667,0.142970350669819,0.171446159482002,"Dec"
0,-13.5776666666667,-11.4963333333333,17.875,0.200324074074074,0.171446159482002,"Dec"
1,-12.4161666666667,-7.44666666666667,21.6041666666667,0.212314814814815,0.171446159482002,"Dec"
1,-16.9871666666667,-9.63533333333333,24.7708333333333,0.156851851851852,0.171446159482002,"Dec"
1,-23.5523333333333,-15.5165,26.4375,0.158009259259259,0.171446159482002,"Dec"
1,-21.224,-15.1226666666667,25.3333333333333,0.771712962962963,0.171446159482002,"Dec"
1,-24.1501666666667,-15.04,25.4791666666667,0.17735655324365,0.171446159482002,"Dec"
1,-18.8105,-12.2455,28.1041666666667,0.247057696641875,0.171446159482002,"Dec"
1,-23.1833333333333,-11.9225,31.9375,1.41535648668477,0.171446159482002,"Dec"
1,-29.689,-21.1126666666667,31.5833333333333,0.329992018398268,0.171446159482002,"Dec"
1,-24.1818333333333,-5.676,30.5208333333333,1.23565463321728,0.171446159482002,"Dec"
1,-8.026,2.88533333333333,29.4375,1.06217388144919,0.171446159482002,"Dec"
1,-7.475,2.55416666666667,28.5208333333333,0.883789293495176,0.171446159482002,"Dec"
1,-7.08033333333333,2.546,27.25,0.385125668381759,0.171446159482002,"Dec"
1,-5.828,-0.0986666666666667,26.75,0.419253968253968,0.171446159482002,"Dec"
1,-1.33516666666667,1.10616666666667,29.8958333333333,0.470970924182658,0.171446159482002,"Dec"
1,-1.33483333333333,0.901,28.875,1.99556833432555,0.171446159482002,"Dec"
1,-9.85033333333333,3.43683333333333,27.2916666666667,2.26521072796935,0.171446159482002,"Dec"
1,-13.2463333333333,-9.519,27.375,0.418663359071113,0.171446159482002,"Dec"
1,-11.0911666666667,-0.987333333333333,26.0041666666666,0.882523148148149,0.171446159482002,"Dec"
1,-7.136,-2.8565,NA,0.95451388888889,0.171446159482002,"Dec"
1,-11.8595,-5.82166666666667,25.175,0.60150462962963,0.171446159482002,"Dec"
1,-9.0595,-5.35766666666667,21.3541666666667,0.493472222222222,0.171446159482002,"Dec"
1,-8.07366666666667,-3.057,24.7833333333333,0.390833333333333,0.171446159482002,"Dec"
1,-5.03033333333333,-0.544166666666667,25.2416666666667,0.723194444444444,0.171446159482002,"Dec"
1,-18.3133333333333,-1.27283333333333,21.7041666666667,0.693009259259259,0.171446159482002,"Dec"
1,-23.0391666666667,-18.4723333333333,26.9625,0.679282407407407,0.171446159482002,"Dec"
1,-26.5345,-19.614,26.7333333333333,0.20025462962963,0.171446159482002,"Dec"
1,-26.9773333333333,-17.3175,26.4875,0.0608796296296296,0.171446159482002,"Dec"
1,-25.0551666666667,-15.36,26.4291666666667,0.420185185185185,0.171446159482002,"Dec"
1,-24.648,-12.56,26.25,1.14451388888889,0.171446159482002,"Dec"
1,-13.0996666666667,-5.66683333333333,26.2416666666666,0.770601851851851,0.171446159482002,"Dec"
1,-17.0671666666667,-3.34,30.8458333333334,0.733287037037037,0.171446159482002,"Dec"
1,-18.0233333333333,-14.3655,37,0.109236111111111,0.171446159482002,"Dec"
1,-21.3206666666667,-11.1705,37.975,0.319571367599537,0.171446159482002,"Dec"
1,-29.4633333333333,-15.7926666666667,37.2541666666666,0.266689814814815,0.171446159482002,"Dec"
1,-18.5238333333333,-7.19933333333333,33.8666666666667,0.19724537037037,0.171446159482002,"Dec"
1,-22.6683333333333,-5.13883333333333,34.7291666666667,0.271087962962963,0.171446159482002,"Dec"
1,-14.476,-1.4105,34.7958333333333,0.140069444444445,0.171446159482002,"Dec"
1,-3.651,3.83383333333333,33.8500000000001,0.116851851851852,0.171446159482002,"Dec"
1,-3.8535,4.00716666666667,33.4041666666666,0.685046296296297,0.171446159482002,"Dec"
1,-2.504,4.0505,32.7291666666667,0.956963728818237,0.171446159482002,"Dec"
1,0.817666666666667,2.12083333333333,29.7,0.366736111111111,0.171446159482002,"Dec"
1,0.5715,2.75383333333333,26.95,0.0522916666666667,0.171446159482002,"Dec"
1,0.4935,2.50833333333333,24.125,0.171550925925926,0.171446159482002,"Dec"
1,-0.098,2.167,22.5166666666667,0.0121296296296296,0.171446159482002,"Dec"
1,-1.39733333333333,0.124833333333333,23.2958333333333,0.359976851851852,0.171446159482002,"Dec"
1,-3.07583333333333,-1.4095,23.3625,2.229375,0.171446159482002,"Dec"
1,-5.64816666666667,-1.866,23.35,0.872638888888889,0.171446159482002,"Dec"
1,-7.13783333333333,-2.1025,23.6125,0.292225753295669,0.171446159482002,"Dec"
1,-6.3965,-3.72833333333333,23.6625,1.03414351851852,0.171446159482002,"Dec"
1,-14.6235,-6.53666666666667,23.2958333333333,0.998518518518519,0.171446159482002,"Dec"
1,-16.252,-7.001,24.2875,1.04034722222222,0.171446159482002,"Dec"
1,-7.89383333333333,0.145166666666667,29.5833333333333,0.271967592592593,0.171446159482002,"Dec"
1,-14.9371666666667,-3.94716666666667,29.1,1.05020833333333,0.171446159482002,"Dec"
1,-18.6956666666667,-11.264,29.3791666666667,0.471689814814815,0.171446159482002,"Dec"
1,-20.2761666666667,-9.20233333333333,29.7083333333333,0.258472222222222,0.171446159482002,"Dec"
1,-17.0805,-1.75133333333333,29.4083333333333,0.864482170866221,0.171446159482002,"Dec"
1,-11.3551666666667,-3.24666666666667,30.0625,0.701851851851852,0.171446159482002,"Dec"
1,-11.342,-0.543166666666667,29.6833333333334,0.891875,0.171446159482002,"Dec"
1,-10.9181666666667,-3.02616666666667,27.6083333333333,1.52231481481481,0.171446159482002,"Dec"
1,-17.9896666666667,-10.9136666666667,27.1916666666666,0.659351851851852,0.171446159482002,"Dec"
1,-21.0355,-10.2948333333333,28.5125,0.503402777777778,0.171446159482002,"Dec"
1,-10.9688333333333,1.3305,29.5625,1.56666468737284,0.171446159482002,"Dec"
1,-0.2835,3.3155,29.5958333333333,0.118194444444444,0.171446159482002,"Dec"
1,-3.81916666666667,2.2735,27.625,1.10622685185185,0.171446159482002,"Dec"
1,-7.82816666666667,5.69816666666667,26.85,0.476087962962963,0.171446159482002,"Dec"
1,-5.39466666666667,3.92516666666667,27.3458333333334,1.62668981481482,0.171446159482002,"Dec"
1,-10.0796666666667,-2.30933333333333,24.5666666666666,0.874467592592593,0.171446159482002,"Dec"
1,-5.43416666666667,2.10516666666667,27.6625,1.29310185185185,0.171446159482002,"Dec"
1,-3.13066666666667,10.1993333333333,24.2833333333333,1.14810185185185,0.171446159482002,"Dec"
1,0.649833333333333,11.367,21.7291666666667,0.261834216118621,0.171446159482002,"Dec"
1,-1.61583333333333,12.681,20.5666666666666,0.696944444444444,0.171446159482002,"Dec"
1,6.93916666666667,9.60466666666667,16,1.73835648148148,0.171446159482002,"Dec"
1,0.734833333333333,9.609,15.7416666666667,0.678981481481482,0.171446159482002,"Dec"
1,1.5515,7.834,15.725,0.56113425925926,0.171446159482002,"Dec"
1,-3.1065,1.38866666666667,15.5125,2.58037037037037,0.171446159482002,"Dec"
1,-7.942,-3.00416666666667,16.0041666666666,4.38576388888889,0.171446159482002,"Dec"
1,-12.7483333333333,-2.43133333333333,16.4375,1.64699813328047,0.171446159482002,"Dec"
1,-8.36716666666667,-0.738666666666667,16.55,0.582893518518518,0.171446159482002,"Dec"
1,-8.08083333333333,5.75583333333333,16.3833333333333,0.865185185185185,0.171446159482002,"Dec"
1,-2.18333333333333,3.36366666666667,16.4958333333334,2.26416666666667,0.171446159482002,"Dec"
1,-5.63216666666667,-2.177,16.375,2.61611111111111,0.171446159482002,"Dec"
1,-11.7978333333333,-4.186,16.725,1.02168981481482,0.171446159482002,"Dec"
0,-17.6006666666667,-4.10283333333333,17.1208333333334,0.442106481481482,0.171446159482002,"Dec"
0,-7.81883333333333,3.28783333333333,16.475,2.33847337841401,0.171446159482002,"Dec"
0,-1.4235,8.01566666666667,16.4958333333334,2.72627314814815,0.171446159482002,"Dec"
0,6.166,12.1651666666667,16.3125,2.26210648148148,0.171446159482002,"Dec"
0,-4.41916666666667,9.87966666666667,15.225,1.97509259259259,0.171446159482002,"Dec"
0,-8.84233333333333,-1.04916666666667,16.9791666666667,1.91243055555556,0.171446159482002,"Dec"
0,-11.2636666666667,-2.88066666666667,17.3166666666667,1.26155092592593,0.171446159482002,"Dec"
0,-18.9058333333333,-10.6363333333333,17.7833333333333,1.8269212962963,0.171446159482002,"Dec"
0,-18.0765,-7.59466666666667,17.7625,0.99212962962963,0.171446159482002,"Dec"
0,-13.9566666666667,-5.95333333333333,17.1666666666667,0.739351851851852,0.171446159482002,"Dec"
0,-14.1061666666667,-5.51733333333333,16.8416666666666,2.23108796296296,0.171446159482002,"Dec"
0,-18.3283333333333,-3.4305,16.6291666666667,0.839097222222222,0.171446159482002,"Dec"
0,-16.0546666666667,0.789333333333333,17.3375,0.327731481481482,0.171446159482002,"Dec"
0,-9.986,5.04516666666667,17.3333333333333,1.33125037947784,0.171446159482002,"Dec"
0,-0.870666666666667,2.9125,17.6583333333333,0.713217592592593,0.171446159482002,"Dec"
0,-4.11733333333333,0.187333333333333,17.6291666666667,0.860416666666667,0.171446159482002,"Dec"
0,-4.70333333333333,8.01316666666667,17.375,1.59080131389204,0.171446159482002,"Dec"
0,0.049,10.0653333333333,16.975,0.852268518518518,0.171446159482002,"Dec"
0,-6.46466666666667,2.2855,16.3916666666667,2.16106481481481,0.171446159482002,"Dec"
0,-10.6355,1.56716666666667,16.6708333333333,0.895393518518518,0.171446159482002,"Dec"
0,-2.4165,2.78783333333333,16.2416666666666,1.76921296296296,0.171446159482002,"Dec"
0,0.536833333333333,3.89266666666667,16.1125,1.69633094578866,0.171446159482002,"Dec"
0,0.694333333333333,5.44316666666667,15.7166666666667,1.68738425925926,0.171446159482002,"Dec"
0,0.473,4.95883333333333,16.75,0.769421296296296,0.171446159482002,"Dec"
0,0.578,12.2991666666667,15.9875,0.576041666666667,0.171446159482002,"Dec"
0,-2.94016666666667,15.5711666666667,16.125,0.327199074074074,0.171446159482002,"Dec"
0,-0.174833333333333,10.7935,17.1875,0.252152777777778,0.171446159482002,"Dec"
0,2.35366666666667,8.90116666666667,15.625,1.59493055555556,0.171446159482002,"Dec"
0,-1.69416666666667,11.379,16.1541666666667,1.91122685185185,0.171446159482002,"Dec"
0,-1.49916666666667,3.2395,15.9166666666667,0.14212962962963,0.171807080507278,"Con"
0,-1.81216666666667,0.664833333333333,15.0416666666667,0.15337962962963,0.171807080507278,"Con"
0,-2.492,-0.119166666666667,17.875,0.00648634040880503,0.171807080507278,"Con"
0,-3.22416666666667,-1.24666666666667,17.375,0.133703703703704,0.171807080507278,"Con"
0,-1.3625,3.6635,15.9166666666667,0.190856481481482,0.171807080507278,"Con"
0,-5.409,0.818,16.5,0.636342592592593,0.171807080507278,"Con"
0,-7.88783333333333,-5.07566666666667,16.6875,0.658055555555555,0.171807080507278,"Con"
0,-9.40916666666667,-1.93916666666667,16.5833333333333,0.331666666666667,0.171807080507278,"Con"
0,-9.25033333333333,-5.4265,16.2916666666667,0.278055555555556,0.171807080507278,"Con"
1,-12.8413333333333,-9.00766666666667,15.9791666666667,0.102291666666667,0.171807080507278,"Con"
1,-12.16,-6.72116666666667,17.7916666666667,0.0474074074074074,0.171807080507278,"Con"
1,-10.0921666666667,-4.07583333333333,18.4166666666667,0.119097222222222,0.171807080507278,"Con"
1,-19.6265,-10.4273333333333,19.3541666666667,0.156134259259259,0.171807080507278,"Con"
1,-18.5463333333333,-13.1121666666667,19.0833333333333,0.463425925925926,0.171807080507278,"Con"
1,-21.9268333333333,-12.544,18.8333333333333,0.23875,0.171807080507278,"Con"
1,-18.2721666666667,-11.3583333333333,19.0625,0.0235648148148148,0.171807080507278,"Con"
1,-14.275,-8.06133333333333,28.9583333333333,0.285509259259259,0.171807080507278,"Con"
1,-24.9121666666667,-14.3056666666667,28.9791666666667,0.0521064814814815,0.171807080507278,"Con"
1,-24.3153333333333,-10.1496666666667,27.9583333333333,0.252430555555556,0.171807080507278,"Con"
1,-11.6961666666667,2.10916666666667,26.4791666666667,0.490601851851852,0.171807080507278,"Con"
1,-7.11783333333333,-0.341,26.5416666666667,0.0908796296296296,0.171807080507278,"Con"
1,-5.41583333333333,2.7015,26.7083333333333,0.150023148148148,0.171807080507278,"Con"
1,-6.3715,0.440166666666667,26.1666666666667,0.162523148148148,0.171807080507278,"Con"
1,-3.49366666666667,1.74416666666667,28.6041666666667,0.0173611111111111,0.171807080507278,"Con"
1,-5.27716666666667,-0.195,29.0833333333333,0.687754629629629,0.171807080507278,"Con"
1,-7.219,5.20166666666667,28.1666666666667,1.07328703703704,0.171807080507278,"Con"
1,-16.0455,-7.01366666666667,27.3333333333333,0.246967592592593,0.171807080507278,"Con"
1,-16.9775,-1.05488888888889,27.1666666666667,0.175440632164422,0.171807080507278,"Con"
1,-6.126,-1.026,27,0.65150462962963,0.171807080507278,"Con"
1,-8.46966666666667,-5.33033333333333,27.1041666666667,0.19599537037037,0.171807080507278,"Con"
1,-9.32083333333333,-2.794,29.5166666666667,0.222314814814815,0.171807080507278,"Con"
1,-9.99,-1.85233333333333,29.1541666666667,0.0762037037037037,0.171807080507278,"Con"
1,-6.0495,-0.225,29.0041666666666,0.153842592592593,0.171807080507278,"Con"
1,-10.9871666666667,0.470166666666667,30.85,0.204097222222222,0.171807080507278,"Con"
1,-20.9478333333333,-12.4588333333333,30.975,0.537546296296296,0.171807080507278,"Con"
1,-24.754,-17.3205,31.5583333333334,0.146203703703704,0.171807080507278,"Con"
1,-22.4336666666667,-14.668,31.5375,0.103449074074074,0.171807080507278,"Con"
1,-23.6936666666667,-13.6893333333333,31.0458333333333,0.3525,0.171807080507278,"Con"
1,-18.9805,-10.3765,30.8458333333334,0.130694444444444,0.171807080507278,"Con"
1,-13.3603333333333,-7.56133333333333,30.8333333333333,0.0843951330532213,0.171807080507278,"Con"
1,-9.711,-0.4555,35.9833333333333,0.216412037037037,0.171807080507278,"Con"
1,-14.7195,-10.8113333333333,44.725,0.121990740740741,0.171807080507278,"Con"
1,-16.5615,-8.85866666666667,44.85,0.167523148148148,0.171807080507278,"Con"
1,-23.2651666666667,-12.794,44.4750000000001,0.0114351851851852,0.171807080507278,"Con"
1,-14.5661666666667,-2.50316666666667,43.6750000000001,0.0485185185185185,0.171807080507278,"Con"
1,-20.8513333333333,-0.815666666666667,43.1666666666667,0.0509259259259259,0.171807080507278,"Con"
1,-11.3311666666667,2.09266666666667,42.4875,0.00844907407407407,0.171807080507278,"Con"
1,-3.3435,1.17483333333333,44.4625,0.132594115800746,0.171807080507278,"Con"
1,-4.72766666666667,4.438,42.5904411764706,0.135266308305293,0.171807080507278,"Con"
1,-3.2185,4.02616666666667,41.875,0.128796296296296,0.171807080507278,"Con"
1,-1.26933333333333,0.8095,41.4125,0.0127314814814815,0.171807080507278,"Con"
1,-0.2255,1.79833333333333,41.9041666666667,0.0242592592592593,0.171807080507278,"Con"
1,0.204166666666667,2.82366666666667,40.3083333333334,0,0.171807080507278,"Con"
1,-0.619333333333333,2.57,40.6041666666667,0.00148148148148148,0.171807080507278,"Con"
1,0.2595,2.8265,37.5208333333333,0.0100565843621399,0.171807080507278,"Con"
1,-1.71783333333333,1.12816666666667,37.6583333333333,0.303935185185185,0.171807080507278,"Con"
1,-2.23766666666667,0.669833333333333,37.4958333333334,0.400162037037037,0.171807080507278,"Con"
1,-4.98983333333333,-0.3005,38,0.357881944444444,0.171807080507278,"Con"
1,-5.36383333333333,-3.37916666666667,37.7125,0.423726851851852,0.171807080507278,"Con"
1,-14.0693333333333,-4.76683333333333,38.0208333333333,0.238194444444444,0.171807080507278,"Con"
1,-15.1843333333333,-7.5625,38.1,0.214490740740741,0.171807080507278,"Con"
1,-9.2355,-2.55183333333333,39.6041666666667,0.0829050925925926,0.171807080507278,"Con"
1,-13.5633333333333,-4.69866666666667,41.65,0.195578703703704,0.171807080507278,"Con"
1,-17.2825,-9.9165,37.8791666666667,0.410069444444445,0.171807080507278,"Con"
1,-19.5216666666667,-7.44466666666667,37.7708333333333,0.174976851851852,0.171807080507278,"Con"
1,-17.1208333333333,-5.059,38.2791666666667,0.12744212962963,0.171807080507278,"Con"
1,-10.6186666666667,-3.10666666666667,38.8458333333333,0.233120166032304,0.171807080507278,"Con"
1,-10.4351666666667,-1.234,39.5625,0.175231481481482,0.171807080507278,"Con"
1,-7.5075,-1.875,40.3125,0.271111111111111,0.171807080507278,"Con"
1,-13.9255,-6.81966666666667,40.6625,0.226527777777778,0.171807080507278,"Con"
1,-19.6655,-9.364,41.2916666666667,0.228101851851852,0.171807080507278,"Con"
1,-12.4728333333333,0.341666666666667,40.4875,0.343634259259259,0.171807080507278,"Con"
1,-4.07233333333333,0.411333333333333,40.4083333333333,0.0185648148148148,0.171807080507278,"Con"
1,-3.46266666666667,2.362,37.7833333333333,0.948078703703704,0.171807080507278,"Con"
1,-7.49883333333333,6.60683333333333,36.025,0.236365740740741,0.171807080507278,"Con"
1,-4.0065,3.70583333333333,33.925,0.741157407407407,0.171807080507278,"Con"
1,-8.98266666666667,-3.5095,35.1583333333333,0.455833333333333,0.171807080507278,"Con"
1,-13.2985,-2.689,34.6166666666667,0.216416502206943,0.171807080507278,"Con"
1,-10.2723333333333,9.07233333333333,33.175,0.196759259259259,0.171807080507278,"Con"
1,3.33883333333333,11.4881818181818,32.025,0.167575757575758,0.171807080507278,"Con"
1,1.2895,13.0253333333333,NA,0.04375,0.171807080507278,"Con"
1,-0.753333333333333,8.36733333333333,NA,0.247708333333333,0.171807080507278,"Con"
1,3.77866666666667,11.9306666666667,16.975,0.168573717948718,0.171807080507278,"Con"
1,0.913,11.6023333333333,17.2833333333333,0.0784722222222222,0.171807080507278,"Con"
1,-0.294833333333333,4.25933333333333,17.4541666666667,0.559884259259259,0.171807080507278,"Con"
1,-7.78333333333333,-0.371333333333333,24.2125,1.31652777777778,0.171807080507278,"Con"
1,-12.0471666666667,-5.96066666666667,23.7375,0.416041666666667,0.171807080507278,"Con"
1,-11.0088333333333,1.58383333333333,23.1958333333334,0.342083333333334,0.171807080507278,"Con"
1,-12.1065,5.13416666666667,19.9875,0.346273148148148,0.171807080507278,"Con"
1,-1.76733333333333,4.13433333333333,19.4666666666667,0.3025,0.171807080507278,"Con"
1,-8.6995,0.222166666666667,19.2583333333333,1.55236111111111,0.171807080507278,"Con"
1,-12.7791666666667,-2.43716666666667,18.7333333333333,0.293541666666667,0.171807080507278,"Con"
1,-17.188,-5.389,18.7041666666667,0.163078703703704,0.171807080507278,"Con"
1,-17.6658333333333,-0.395333333333333,18.4583333333333,0.670462962962963,0.171807080507278,"Con"
1,-4.644,3.2205,17.8958333333333,0.598568976686282,0.171807080507278,"Con"
1,0.694,8.5035,16.5166666666667,0.215951415048778,0.171807080507278,"Con"
1,0.169,10.5573333333333,NA,1.14243055555556,0.171807080507278,"Con"
1,-5.16066666666667,1.37366666666667,NA,1.23458333333333,0.171807080507278,"Con"
1,-7.52116666666667,0.331333333333333,NA,0.265347222222222,0.171807080507278,"Con"
1,-13.5005,-7.19716666666667,NA,0.714513888888889,0.171807080507278,"Con"
1,-15.0476666666667,-5.27516666666667,16.9916666666667,0.370578766046841,0.171807080507278,"Con"
1,-14.0511666666667,-4.48216666666667,16.0208333333333,0.175856481481481,0.171807080507278,"Con"
1,-12.5613333333333,-5.54083333333333,16.9125,0.556435185185185,0.171807080507278,"Con"
0,-15.4343333333333,-4.07816666666667,16.7708333333333,0.584768518518519,0.171807080507278,"Con"
0,-13.6043333333333,0.803,16.0708333333334,0.309074074074074,0.171807080507278,"Con"
0,-10.9546666666667,5.27466666666667,15.3458333333333,0.221064814814815,0.171807080507278,"Con"
0,-2.96983333333333,0.495666666666667,17.3916666666667,0.169282407407407,0.171807080507278,"Con"
0,-1.55883333333333,2.116,16.9875,0.494189814814815,0.171807080507278,"Con"
0,-4.11333333333333,4.3355,15.9833333333334,0.639282407407407,0.171807080507278,"Con"
0,-2.5425,9.67883333333333,15.9291666666666,0.27224537037037,0.171807080507278,"Con"
0,-6.94683333333333,1.34833333333333,15.85,0.869189814814815,0.171807080507278,"Con"
0,-11.0891666666667,0.624,15.7791666666667,0.337037037037037,0.171807080507278,"Con"
0,-6.3405,2.25033333333333,15.8416666666667,0.582268518518519,0.171807080507278,"Con"
0,-0.243333333333333,2.40283333333333,16.7916666666667,0.236157407407408,0.171807080507278,"Con"
0,-0.4405,3.19133333333333,17.4125,0.623199354657688,0.171807080507278,"Con"
0,-0.8145,2.422,20.1416666666667,0.0816898148148148,0.171807080507278,"Con"
0,0.381,5.6855,20.2666666666667,0.0138657407407407,0.171807080507278,"Con"
0,-2.42466666666667,13.6426666666667,20.6333333333333,0.228009259259259,0.171807080507278,"Con"
0,-3.16283333333333,7.29283333333333,20.8333333333333,0.120439814814815,0.171807080507278,"Con"
0,-0.731833333333333,1.28783333333333,21.3791666666666,0.47212962962963,0.171807080507278,"Con"
0,-1.61983333333333,11.7026666666667,21.2583333333333,1.07944444444444,0.171807080507278,"Con"
0,1.24083333333333,4.44033333333333,NA,2.53326388888889,0.186721548438072,"Con"
0,-0.270833333333333,1.60866666666667,NA,1.39760416666667,0.186721548438072,"Con"
0,-1.58866666666667,-0.3765,NA,0.746875,0.186721548438072,"Con"
0,-2.41716666666667,0.0281666666666667,NA,0.0684027777777778,0.186721548438072,"Con"
0,-0.642166666666667,0.732166666666667,NA,0.494026852972827,0.186721548438072,"Con"
0,-3.71116666666667,3.869,NA,1.53565972222222,0.186721548438072,"Con"
0,-6.83183333333333,-3.30883333333333,24.3583333333333,3.81080808080808,0.186721548438072,"Con"
0,-8.48316666666667,-4.1395,24.15,3.82530092592593,0.186721548438072,"Con"
0,-8.6885,-4.6815,27.6291666666666,1.80386574074074,0.186721548438072,"Con"
1,-9.8095,-6.86233333333333,25.9,1.02111111111111,0.186721548438072,"Con"
1,-7.14916666666667,-2.107,22.3166666666667,0.0961111111111112,0.186721548438072,"Con"
1,-10.8215,-3.13716666666667,25.9208333333333,2.63377314814815,0.186721548438072,"Con"
1,-16.4405,-10.001,24.275,1.85826388888889,0.186721548438072,"Con"
1,-17.0545,-9.41466666666667,24.3791666666666,3.53770833333333,0.186721548438072,"Con"
1,-19.852,-13.7385,24.775,3.08638888888889,0.186721548438072,"Con"
1,-14.7685,-7.13866666666667,22.8583333333333,0.158009259259259,0.186721548438072,"Con"
1,-10.7591666666667,-6.25766666666667,30.7541666666667,0.669907407407407,0.186721548438072,"Con"
1,-22.745,-11.1265,14.9,1.42173611111111,0.186721548438072,"Con"
1,-22.26,-9.5705,33.4833333333333,1.78721376180564,0.186721548438072,"Con"
1,-9.19966666666667,-0.387833333333333,33.0041666666667,3.51326388888889,0.186721548438072,"Con"
1,-5.04416666666667,1.16266666666667,32.3791666666666,1.64368055555556,0.186721548438072,"Con"
1,-3.56866666666667,2.30966666666667,31.0458333333333,2.4153125,0.186721548438072,"Con"
1,-4.35366666666667,2.64583333333333,30.7541666666666,0.548229166666666,0.186721548438072,"Con"
1,0.0255,1.703,30.5458333333333,0.608923611111111,0.186721548438072,"Con"
1,0.199666666666667,2.23883333333333,26.9,2.22583333333333,0.186721548438072,"Con"
1,-5.15683333333333,8.38616666666667,21.9833333333333,3.40375,0.186721548438072,"Con"
1,-6.73716666666667,-4.459,20.8375,3.06663194444444,0.186721548438072,"Con"
1,-9.242,4.72083333333333,21.8166666666667,1.34645833333333,0.186721548438072,"Con"
1,-2.01666666666667,1.0425,21.3166666666666,3.94441510587573,0.186721548438072,"Con"
1,-6.09916666666667,-0.981666666666667,20.9583333333333,2.10516203703704,0.186721548438072,"Con"
1,-5.051,0.844666666666667,22.0375,2.41569444444444,0.186721548438072,"Con"
1,-7.24283333333333,2.7205,22.0291666666667,1.02858796296296,0.186721548438072,"Con"
1,-5.376,3.9485,21.4625,0.92412037037037,0.186721548438072,"Con"
1,-8.95166666666667,2.378,20.9833333333333,1.78502314814815,0.186721548438072,"Con"
1,-17.0218333333333,-10.4076666666667,22.3375,4.54675925925926,0.186721548438072,"Con"
1,-19.4035,-15.1333333333333,23.0916666666667,2.6487037037037,0.186721548438072,"Con"
1,-20.2316666666667,-15.2995,20.9083333333333,1.95550925925926,0.186721548438072,"Con"
1,-19.5463333333333,-11.9681666666667,21.1083333333333,1.98789351851852,0.186721548438072,"Con"
1,-18.4043333333333,-9,22.2666666666667,0.93087962962963,0.186721548438072,"Con"
1,-8.83616666666667,-2.6965,21.7583333333333,0.685931546942704,0.186721548438072,"Con"
1,-6.92133333333333,7.32733333333333,22.5958333333333,2.74175925925926,0.186721548438072,"Con"
1,-8.74116666666667,1.5215,22.3375,1.83678240740741,0.186721548438072,"Con"
1,-10.346,-6.99366666666667,24.9083333333333,1.86241135645627,0.186721548438072,"Con"
1,-15.8796666666667,-9.54033333333333,24.3083333333333,0.725138888888889,0.186721548438072,"Con"
1,-10.7556666666667,-1.3765,25.2083333333333,0.844722222222222,0.186721548438072,"Con"
1,-11.6011666666667,0.3515,24.6041666666667,0.450393518518518,0.186721548438072,"Con"
1,-9.3415,1.7235,24.5708333333333,0.726643518518519,0.186721548438072,"Con"
1,0.579,2.13183333333333,21.95,0.905462962962963,0.186721548438072,"Con"
1,-0.416666666666667,3.163,22.7166666666666,1.94550925925926,0.186721548438072,"Con"
1,-0.722,1.94183333333333,21.9125,0.747615740740741,0.186721548438072,"Con"
1,1.605,2.814,21.9833333333333,0.490287647538864,0.186721548438072,"Con"
1,1.92666666666667,8.165,22.2458333333334,0.400810185185185,0.186721548438072,"Con"
1,1.9025,6.49966666666667,23.0916666666667,0.274084595959596,0.186721548438072,"Con"
1,1.93833333333333,4.75966666666667,23.125,0.437789351851852,0.186721548438072,"Con"
1,1.17333331666667,2.99866666666667,23.5958333333333,0.580145202020202,0.186721548438072,"Con"
1,0.0191666666666667,1.34783333333333,22.8041666666667,0.854988425925926,0.186721548438072,"Con"
1,-2.335,0.602333333333333,24.2708333333333,2.11296296296296,0.186721548438072,"Con"
1,-5.30916666666667,-1.70816666666667,23.5083333333334,3.15784301346801,0.186721548438072,"Con"
1,-7.19181818181818,-1.88566666666667,25.4291666666667,2.58560582086906,0.186721548438072,"Con"
1,-8.90666666666667,-3.1625,24.4458333333334,1.36643518518519,0.186721548438072,"Con"
1,-13.709,-2.77466666666667,21.9208333333333,0.709120370370371,0.186721548438072,"Con"
1,-4.96316666666667,1.16966666666667,23.0958333333333,2.39049560994847,0.186721548438072,"Con"
1,-10.8896666666667,-0.497,23.2,2.02421296296296,0.186721548438072,"Con"
1,-14.4128333333333,-9.748,22.6666666666667,2.73260616046288,0.186721548438072,"Con"
1,-14.7116666666667,-7.42766666666667,22.2041666666667,2.29969907407407,0.186721548438072,"Con"
1,-11.5403333333333,-0.895833333333333,22.2333333333333,1.30284722222222,0.186721548438072,"Con"
1,-8.003,0.183166666666667,21.0583333333334,1.45576388888889,0.186721548438072,"Con"
1,-11.6306666666667,3.93666666666667,21.9958333333334,0.414976851851852,0.186721548438072,"Con"
1,-2.381,2.13116666666667,21.5833333333333,1.59226851851852,0.186721548438072,"Con"
1,-11.2808333333333,-2.24966666666667,21.775,1.22431667028121,0.186721548438072,"Con"
1,-14.805,-8.39533333333333,22.1916666666666,2.52553240740741,0.186721548438072,"Con"
1,-8.1945,4.9385,22.1541666666666,1.48326388888889,0.186721548438072,"Con"
1,-0.361333333333333,4.81366666666667,22.4125,0.873449074074074,0.186721548438072,"Con"
1,-0.573166666666667,4.63516666666667,22.7625,3.23412037037037,0.186721548438072,"Con"
1,-2.44616666666667,7.14533333333333,23.3291666666667,2.16074074074074,0.186721548438072,"Con"
1,0.0135,7.2595,22.9125,3.40752314814815,0.186721548438072,"Con"
1,-5.20383333333333,-0.914,20.5969298245614,1.5720169900762,0.186721548438072,"Con"
1,-5.45,0.9875,20.6416666666667,0.841574074074074,0.186721548438072,"Con"
1,-3.263,13.7043333333333,21.5666666666666,0.597152777777778,0.186721548438072,"Con"
1,2.75983333333333,16.2283333333333,22.4458333333333,2.1974537037037,0.186721548438072,"Con"
1,0.0413333333333333,15.3083333333333,20.5625,0.73662037037037,0.186721548438072,"Con"
1,-0.369,14.5213333333333,23.0458333333333,1.3175462962963,0.186721548438072,"Con"
1,5.68483333333333,17.7008333333333,23.25,0.999166666666667,0.186721548438072,"Con"
1,2.6005,21.0383333333333,22.6666666666667,1.4625,0.186721548438072,"Con"
1,0.193333333333333,13.2478333333333,22.3875,2.43291666666667,0.186721548438072,"Con"
1,-4.012,0.354,22.6125,2.62534722222222,0.186721548438072,"Con"
1,-8.22766666666667,-4.12833333333333,23.2958333333333,2.69460648148148,0.186721548438072,"Con"
1,-7.63216666666667,5.24966666666667,23.2416666666666,1.59212962962963,0.186721548438072,"Con"
1,-5.981,6.39266666666667,23.1375,0.675324074074074,0.186721548438072,"Con"
1,3.77466666666667,6.444,23.9208333333333,0.5375,0.186721548438072,"Con"
1,-5.1885,4.048,22.2166666666666,1.24391203703704,0.186721548438072,"Con"
1,-8.82533333333333,-2.79466666666667,27.7041666666667,1.21113464830377,0.186721548438072,"Con"
1,-12.7408333333333,-5.08666666666667,26.3083333333334,1.1930787037037,0.186721548438072,"Con"
1,-10.1813333333333,0.232333333333333,25.6666666666667,1.65583333333333,0.186721548438072,"Con"
1,-0.173666666666667,9.56083333333333,24.6833333333333,1.71712962962963,0.186721548438072,"Con"
0,9.187,16.7286666666667,22.4208333333333,1.38150462962963,0.186721548438072,"Con"
0,2.81316666666667,18.0721666666667,21.8291666666667,4.14805555555556,0.186721548438072,"Con"
0,0.4945,6.13466666666667,22.3208333333333,5.62668981481481,0.186721548438072,"Con"
0,-1.541,2.79583333333333,23.3083333333334,1.21494173052363,0.186721548438072,"Con"
0,-8.50416666666667,-1.58116666666667,22.5625,2.06423611111111,0.186721548438072,"Con"
0,-12.0308333333333,-3.86466666666667,23.4375,1.03400462962963,0.186721548438072,"Con"
0,-10.34,-2.72866666666667,23.4708333333333,0.822430555555556,0.186721548438072,"Con"
0,-8.582,-3.67683333333333,35.1791666666667,1.15657407407407,0.186721548438072,"Con"
0,-13.0533333333333,-4.80916666666667,39.8333333333333,1.43243427074337,0.186721548438072,"Con"
0,-15.3301666666667,0.235666666666667,35.875,1.3096073813503,0.186721548438072,"Con"
0,-8.31316666666667,2.8385,34.025,1.10443287037037,0.186721548438072,"Con"
0,-1.20583333333333,3.42466666666667,31.8583333333333,0.557673611111111,0.186721548438072,"Con"
0,0.615,4.59383333333333,27.5666666666666,2.01032407407407,0.186721548438072,"Con"
0,-1.75183333333333,4.49316666666667,25.2291666666667,0.955405092592593,0.186721548438072,"Con"
0,-0.360166666666667,12.8916666666667,23.4666666666667,0.910543981481482,0.186721548438072,"Con"
0,-2.8345,6.386,23.0416666666667,1.80475694444444,0.186721548438072,"Con"
0,-6.94333333333333,-0.969666666666667,22.6916666666666,1.11964550595206,0.186721548438072,"Con"
0,-6.8075,4.03966666666667,24.4291666666667,1.35162037037037,0.186721548438072,"Con"
0,2.2615,14.4688333333333,22.975,1.32888888888889,0.186721548438072,"Con"
0,1.94216666666667,3.1785,23.9791666666667,2.58247685185185,0.186721548438072,"Con"
0,2.76383333333333,5.80566666666667,22.8166666666667,0.663519163377884,0.186721548438072,"Con"
0,3.75483333333333,6.54459459459459,24.725,0.298388154553664,0.186721548438072,"Con"
0,NA,NA,NA,NA,0.186721548438072,"Con"
0,NA,NA,NA,NA,0.186721548438072,"Con"
0,NA,NA,NA,NA,0.186721548438072,"Con"
0,NA,NA,NA,NA,0.186721548438072,"Con"
0,-3.04183333333333,0.324166666666667,11.55,0.231689814814815,0.17656597495079,"Dec"
1,-3.07733333333333,-0.470666666666667,12.3833333333333,0.0352020202020202,0.17656597495079,"Dec"
1,-2.23633333333333,-0.516833333333333,NA,0.00472222222222222,0.17656597495079,"Dec"
1,-3.42433333333333,-1.79666666666667,NA,0.164513888888889,0.17656597495079,"Dec"
1,-1.7055,1.3595,11.8833333333333,0.1881,0.17656597495079,"Dec"
1,-5.39033333333333,2.37483333333333,12.4083333333333,0.912952564102564,0.17656597495079,"Dec"
1,-8.182,-5.344,NA,1.16194444444444,0.17656597495079,"Dec"
1,-8.59233333333333,-3.2455,NA,0.492638888888889,0.17656597495079,"Dec"
1,-15.4713333333333,-7.85216666666667,NA,0.0484375,0.17656597495079,"Dec"
1,-20.3316666666667,-10.7173333333333,NA,0.0822,0.17656597495079,"Dec"
1,-20.18,-7.89733333333333,NA,0.04625,0.17656597495079,"Dec"
1,-9.96383333333333,-4.38,NA,0.100625,0.17656597495079,"Dec"
1,-18.9478333333333,-10.9081666666667,NA,0.466111111111111,0.17656597495079,"Dec"
1,-17.6676666666667,-14.8135,NA,0.980208333333333,0.17656597495079,"Dec"
1,-19.8396666666667,-12.8845,NA,0.0423611111111111,0.17656597495079,"Dec"
1,-21.7616666666667,-11.4253333333333,24.05,0.00705229754503427,0.17656597495079,"Dec"
1,-16.74,-10.3478333333333,36.2708333333333,0.128460648148148,0.17656597495079,"Dec"
1,-22.8925,-16.833,35.6666666666667,0.0419675925925926,0.17656597495079,"Dec"
1,-22.3785,-4.81616666666667,31.9,0.393487654320988,0.17656597495079,"Dec"
1,-9.112,1.11,30.9333333333333,0.840431519699812,0.17656597495079,"Dec"
1,-7.51116666666667,-0.912666666666667,NA,0.334930555555556,0.17656597495079,"Dec"
1,-3.71716666666667,1.619,NA,0.354583333333333,0.17656597495079,"Dec"
1,-4.65816666666667,2.87716666666667,NA,0.544097222222222,0.17656597495079,"Dec"
1,-6.26733333333333,0.72,NA,0.634652777777778,0.17656597495079,"Dec"
1,-6.8395,-1.87066666666667,NA,0.931944444444444,0.17656597495079,"Dec"
1,-6.551,4.20716666666667,NA,2.40090277777778,0.17656597495079,"Dec"
1,-14.5293333333333,-6.8875,NA,0.833402777777778,0.17656597495079,"Dec"
1,-15.755,-2.76816666666667,26.9916666666667,0.763483596185586,0.17656597495079,"Dec"
1,-7.04083333333333,-2.30466666666667,25.9041666666667,1.05125,0.17656597495079,"Dec"
1,-8.735,-7.32016666666667,31.1416666666667,0.100138888888889,0.17656597495079,"Dec"
1,-10.6083333333333,-3.08983333333333,31.9833333333333,0.201967592592593,0.17656597495079,"Dec"
1,-7.69033333333333,-3.79883333333333,32.0625,0.115555555555556,0.17656597495079,"Dec"
1,-6.71416666666667,-0.874166666666667,29.8416666666666,0.144375,0.17656597495079,"Dec"
1,-12.172,-0.635333333333333,31.225,0.360949074074074,0.17656597495079,"Dec"
1,-20.4116666666667,-12.8321666666667,34.4333333333333,0.721412037037037,0.17656597495079,"Dec"
1,-22.9516666666667,-16.6808333333333,33.6666666666667,0.0752083333333333,0.17656597495079,"Dec"
1,-22.3756666666667,-13.6381666666667,36.7333333333333,0.0297222222222222,0.17656597495079,"Dec"
1,-22.8541666666667,-14.3976666666667,35.4166666666667,0.150671296296296,0.17656597495079,"Dec"
1,-15.8678333333333,-10.2391666666667,35.0791666666667,0.0749537037037037,0.17656597495079,"Dec"
1,-12.4336666666667,-7.8875,37.2833333333333,0.0651851851851852,0.17656597495079,"Dec"
1,-11.096,-0.529833333333333,40.8916666666667,0.311011904761905,0.17656597495079,"Dec"
1,-16.2591666666667,-11.9623333333333,52.5353658536585,0.111704406205539,0.17656597495079,"Dec"
1,-17.4131666666667,-9.449,52.6541666666667,0.394189814814815,0.17656597495079,"Dec"
1,-23.3873333333333,-13.3695,51.9166666666667,0.0499768518518518,0.17656597495079,"Dec"
1,-15.8861666666667,-6.34066666666667,49.9125,0.240092592592593,0.17656597495079,"Dec"
1,-19.5991666666667,-0.0338333333333333,48.7125,0.266967592592593,0.17656597495079,"Dec"
1,-8.74816666666667,2.44966666666667,47.0958333333334,0.202848358724077,0.17656597495079,"Dec"
1,-7.242,2.98916666666667,45.8875,0.043384437596302,0.17656597495079,"Dec"
1,-7.5405,6.63333333333333,44.8541666666667,0.300835958455493,0.17656597495079,"Dec"
1,-5.02383333333333,5.559,43.4791666666667,0.307514994082782,0.17656597495079,"Dec"
1,-2.60683333333333,5.2815,41.5458333333333,0.140428492483908,0.17656597495079,"Dec"
1,0.5835,3.68333333333333,38.4125,0.219879962402503,0.17656597495079,"Dec"
1,0.367166666666667,2.72016666666667,33.9541666666667,0.00335648148148148,0.17656597495079,"Dec"
1,0.133,2.78466666666667,32.3791666666667,0.000949074074074074,0.17656597495079,"Dec"
1,-0.170833333333333,1.2155,30.7041666666667,0.0495138888888889,0.17656597495079,"Dec"
1,-1.6445,-0.0283333333333333,29.2833333333333,0.296967592592593,0.17656597495079,"Dec"
1,-3.82383333333333,-1.13133333333333,29.6583333333333,0.903912037037037,0.17656597495079,"Dec"
1,-5.40216666666667,-0.716,29.8583333333333,0.608425925925926,0.17656597495079,"Dec"
1,-8.4935,-3.19733333333333,30.1791666666667,0.726273148148148,0.17656597495079,"Dec"
1,-12.3256666666667,-8.74866666666667,34.1583333333333,0.516712962962963,0.17656597495079,"Dec"
1,-13.1095,-6.99183333333333,33.75,0.447035737147225,0.17656597495079,"Dec"
1,-9.41016666666667,-3.5675,34.9583333333333,0.0893594365589422,0.17656597495079,"Dec"
1,-14.5868333333333,-5.225,40.2958333333333,0.292453703703704,0.17656597495079,"Dec"
1,-15.4166666666667,-12.2445,40.3541666666667,0.427708333333333,0.17656597495079,"Dec"
1,-15.1548333333333,-9.50216666666667,41.2375,0.199560185185185,0.17656597495079,"Dec"
1,-15.2946666666667,-6.35683333333333,40.7458333333333,0.12099537037037,0.17656597495079,"Dec"
1,-11.2353333333333,-5.22916666666667,47.1791666666666,0.438037206413731,0.17656597495079,"Dec"
1,-11.1665,-5.85166666666667,45.8041666666666,0.249768518518519,0.17656597495079,"Dec"
1,-10.2591666666667,-4.4145,51.3666666666666,0.525509259259259,0.17656597495079,"Dec"
1,-18.388,-10.93,57.125,0.288125,0.17656597495079,"Dec"
1,-17.8533333333333,-11.7746666666667,57.35,0.304937947401183,0.17656597495079,"Dec"
1,-14.1848333333333,0.240333333333333,56.3958333333333,0.61136574074074,0.17656597495079,"Dec"
1,-5.86133333333333,-2.03566666666667,54.0041666666666,0.498333333333333,0.17656597495079,"Dec"
1,-9.384,0.383,51.6458333333333,1.26865740740741,0.17656597495079,"Dec"
1,-13.0833333333333,6.4635,50.6416666666667,0.413359620213434,0.17656597495079,"Dec"
1,-5.67966666666667,1.53383333333333,50.4541666666667,1.57405092592593,0.17656597495079,"Dec"
1,-9.45533333333333,-6.1695,48.8791666666666,0.938703703703704,0.17656597495079,"Dec"
1,-16.9693333333333,-1.683,45.2434959349593,0.581672297297297,0.17656597495079,"Dec"
1,-5.6475,11.0071666666667,46.7125,0.828868426770969,0.17656597495079,"Dec"
1,-0.3975,12.1091666666667,44.2833333333334,0.537281919094804,0.17656597495079,"Dec"
1,-3.00066666666667,8.96666666666667,41.675,0.591157407407408,0.17656597495079,"Dec"
1,2.195,9.083,39.6583333333333,2.12951147885876,0.17656597495079,"Dec"
1,1.78633333333333,11.45,29.3708333333333,0.640175959941278,0.17656597495079,"Dec"
1,0.135333333333333,8.87416666666667,25.8708333333334,0.311527777777778,0.17656597495079,"Dec"
1,-4.03133333333333,0.881666641666667,27.3375,0.326805555555555,0.17656597495079,"Dec"
1,-8.5855,-3.52916666666667,29.1416666666667,2.16387731365741,0.17656597495079,"Dec"
1,-11.505,-7.3575,38.8333333333333,0.530648148148148,0.17656597495079,"Dec"
1,-15.2426666666667,-1.530833325,39.825,0.282256944444444,0.17656597495079,"Dec"
1,-18.3928333333333,4.12416666666667,39.2375,0.303062421531701,0.17656597495079,"Dec"
1,-3.76116666666667,1.6185,37.6166666666667,1.21627314814815,0.17656597495079,"Dec"
1,-13.25,-4.134,37.9791666666667,2.20037037037037,0.17656597495079,"Dec"
1,-17.3158333333333,-4.85966666666667,34.9416666666666,0.479166666666666,0.17656597495079,"Dec"
1,-20.204,-7.70566666666667,38.9458333333334,0.423703703703704,0.17656597495079,"Dec"
1,-21.4065,0.384333333333333,36.8916666666667,1.09212962962963,0.17656597495079,"Dec"
1,-3.76416666666667,4.98383333333333,33.425,1.95709512307338,0.17656597495079,"Dec"
1,3.02933333333333,7.75733333333333,29.4,1.44,0.17656597495079,"Dec"
1,-1.93733333333333,9.196,23.4375,2.51041856405586,0.17656597495079,"Dec"
1,-9.07383333333333,1.37133333333333,21.7583333333333,2.29655092592593,0.17656597495079,"Dec"
1,-10.097,-4.08183333333333,23.8375,1.47131944444445,0.17656597495079,"Dec"
1,-17.2503333333333,-10.7418333333333,21.8083333333333,1.76541666666667,0.17656597495079,"Dec"
1,-17.149,-9.40916658333333,24.6666666666667,1.07549627233935,0.17656597495079,"Dec"
1,-18.0063333333333,-7.545,25,0.559907407407407,0.17656597495079,"Dec"
1,-17.5565,-7.51166666666667,25.6875,0.840659722222222,0.17656597495079,"Dec"
1,-21.3975,-5.98316666666667,25.7791666666667,0.7559375,0.17656597495079,"Dec"
1,-17.7993333333333,-1.295,25.6958333333334,0.691828703703704,0.17656597495079,"Dec"
1,-13.549,6.09583333333333,21.6625,0.383159722222222,0.17656597495079,"Dec"
1,-1.64,1.01,18.6708333333333,0.529872685185185,0.17656597495079,"Dec"
1,-3.49283333333333,0.4675,23.2333333333333,0.542280092592592,0.17656597495079,"Dec"
1,-5.01783333333333,4.74416666666667,22.6,0.862685185185185,0.17656597495079,"Dec"
1,-3.45566666666667,8.78083291666667,17.975,0.616458333333333,0.17656597495079,"Dec"
1,-11.0153333333333,1.11916664166667,16.6458333333333,1.65061342592593,0.17656597495079,"Dec"
1,-16.045,1.65083333333333,14.7916666666667,0.377013888888889,0.17656597495079,"Dec"
1,-3.66166666666667,0.3475,16.3333333333333,0.832256944444445,0.17656597495079,"Dec"
1,-0.452,2.055,16.3125,0.668148148148148,0.17656597495079,"Dec"
1,-0.842166666666667,2.64666666666667,15.5083333333333,0.48333701038944,0.17656597495079,"Dec"
1,-0.2505,2.94166666666667,15.7833333333333,0.174131944444444,0.17656597495079,"Dec"
1,-1.34283333333333,4.47916666666667,13.975,0.0800925925925926,0.17656597495079,"Dec"
1,-3.78633333333333,12.3133333333333,12.8541666666667,0.394513888888889,0.17656597495079,"Dec"
1,-4.627,4.0425,12.25,0.517025462962963,0.17656597495079,"Dec"
1,0.0446666666666667,6.87916666666667,10.5833333333333,0.594895833333334,0.17656597495079,"Dec"
1,-1.83366666666667,8.92333308333333,13.3583333333334,1.10069444444444,0.17656597495079,"Dec"
0,-3.19933333333333,0.378333333333333,9.33333333333334,2.14293981481481,0.17656597495079,"Open"
1,-3.192,-0.413666666666667,10.2083333333333,1.20150410042412,0.17656597495079,"Open"
1,-2.27616666666667,-0.489,NA,0.384583333333333,0.17656597495079,"Open"
1,-3.3305,-1.7595,NA,0.952534722222222,0.17656597495079,"Open"
1,-1.59016666666667,3.95366666666667,10.0625,1.25466198979592,0.17656597495079,"Open"
1,-5.597,2.81483333333333,11.875,3.22564814814815,0.17656597495079,"Open"
1,-8.36716666666667,-5.4735,8.72916666666666,4.1308560090703,0.17656597495079,"Open"
1,-8.6435,-3.24633333333333,12.4166666666667,2.71840277777778,0.17656597495079,"Open"
1,-15.8525,-7.771,19.25,1.01275462962963,0.17656597495079,"Open"
1,-20.8318333333333,-9.82066666666667,17.4583333333333,0.843726851851852,0.17656597495079,"Open"
1,-20.329,-7.89466666666667,16.5208333333333,0.200648148148148,0.17656597495079,"Open"
1,-10.0995,-3.94366666666667,18,1.06079096045198,0.17656597495079,"Open"
1,-18.8455,-10.9826666666667,NA,3.18583333333333,0.17656597495079,"Open"
1,-17.6951666666667,-14.5446666666667,NA,4.35826388888889,0.17656597495079,"Open"
1,-21.1748333333333,-12.3283333333333,26.875,1.70576785057048,0.17656597495079,"Open"
1,-22.3838333333333,-11.4813333333333,24.9375,0.275633735150245,0.17656597495079,"Open"
1,-16.8451666666667,-10.3396666666667,42.2916666666667,1.29766203703704,0.17656597495079,"Open"
1,-23.8278333333333,-16.1748333333333,37.4791666666667,0.88636574074074,0.17656597495079,"Open"
1,-22.628,-4.5575,33.375,2.31743055555556,0.17656597495079,"Open"
1,-9.15566666666667,1.344,30.5625,3.35625,0.17656597495079,"Open"
1,-9.35166666666667,-0.618666666666667,29.5416666666667,1.53037037037037,0.17656597495079,"Open"
1,-3.5135,5.02683333333333,34.3333333333333,1.7275462962963,0.17656597495079,"Open"
1,-4.33583333333333,3.30333333333333,32.8333333333333,1.18280092592593,0.17656597495079,"Open"
1,-6.46566666666667,0.8625,32.875,1.54270833333333,0.17656597495079,"Open"
1,-6.98133333333333,-1.78133333333333,31.25,3.6412037037037,0.17656597495079,"Open"
1,-6.7735,5.05283333333333,29.0208333333333,6.28476851851852,0.17656597495079,"Open"
1,-15.7473333333333,-6.90733333333333,27.4166666666667,3.10854166666667,0.17656597495079,"Open"
1,-16.5735,-2.68483333333333,27.7916666666667,1.7402829016455,0.17656597495079,"Open"
1,-7.03083333333333,-2.3225,NA,3.9607734204793,0.17656597495079,"Open"
1,-8.77183333333333,-7.38617021276596,NA,1.55971489488525,0.17656597495079,"Open"
1,-11.718275862069,-2.794,NA,1.17015778820315,0.17656597495079,"Open"
1,-7.48783333333333,-3.73,NA,1.27521061454885,0.17656597495079,"Open"
1,-6.95616666666667,-0.64,NA,0.772141624907582,0.17656597495079,"Open"
1,-12.3426666666667,-0.661,32.8083333333333,2.19929938986109,0.17656597495079,"Open"
1,-20.3738333333333,-12.9966666666667,36.8833333333333,3.5958925338531,0.17656597495079,"Open"
1,-23.1791666666667,-16.69,35.9934210526316,1.41300004980808,0.17656597495079,"Open"
1,-22.2373333333333,-12.7826666666667,35.8416666666667,0.599061284904524,0.17656597495079,"Open"
1,-22.6915,-14.4995,NA,1.92236923658352,0.17656597495079,"Open"
1,-15.8511666666667,-10.2988372093023,NA,1.13889874194138,0.17656597495079,"Open"
1,-12.3738333333333,-7.89633333333333,NA,1.67089550655423,0.17656597495079,"Open"
1,-11.2113333333333,-0.540909090909091,48.1583333333333,3.06498841126863,0.17656597495079,"Open"
1,-16.1905,-12.1656666666667,47.0803571428571,1.73706884561912,0.17656597495079,"Open"
1,-17.7883333333333,-8.74766666666667,47.9333333333334,2.50148148148148,0.17656597495079,"Open"
1,-24.1135,-11.7891666666667,48.1583333333333,0.798171296296296,0.17656597495079,"Open"
1,-16.6725,-4.69916666666667,46.1833333333333,1.55351851851852,0.17656597495079,"Open"
1,-19.2138333333333,2.21716666666667,45.325,1.06210648148148,0.17656597495079,"Open"
1,-7.47233333333333,4.55983333333333,44.3708333333334,0.810474553273694,0.17656597495079,"Open"
1,-8.787,4.758,43.3166666666666,0.304209062542396,0.17656597495079,"Open"
1,-8.71846153846154,9.259,42.4455188679245,1.21276349132984,0.17656597495079,"Open"
1,-4.40416666666667,8.03783333333333,39.6833333333334,1.03331172133232,0.17656597495079,"Open"
1,-1.94433333333333,5.5395,38.0875,0.553986928104575,0.17656597495079,"Open"
1,0.6385,3.76066666666667,35.5916666666667,0.949561403508772,0.17656597495079,"Open"
1,0.414666666666667,2.956,30.4083333333333,0.24440251572327,0.17656597495079,"Open"
1,0.0953333333333333,3.1565,28.0083333333333,0.0916725882859604,0.17656597495079,"Open"
1,-0.3565,1.06833333333333,25.9791666666667,0.585509259259259,0.17656597495079,"Open"
1,-1.8205,-0.161833333333333,25.3541666666667,1.31,0.17656597495079,"Open"
1,-3.92566666666667,-1.30333333333333,25.3458333333334,3.23539351851852,0.17656597495079,"Open"
1,-4.86583333333333,0.377333333333333,25.2833333333333,2.82886574074074,0.17656597495079,"Open"
1,-8.647,-3.34733333333333,23.5,2.51525462962963,0.17656597495079,"Open"
1,-12.5191666666667,-8.93833333333333,23.5,1.59634259259259,0.17656597495079,"Open"
1,-13.2861666666667,-7.18116666666667,28.1791666666666,1.36488054592458,0.17656597495079,"Open"
1,-9.48183333333333,-3.63916666666667,31.675,0.91881425680721,0.17656597495079,"Open"
1,-14.4503333333333,-5.24966666666667,38.6333333333334,2.29489247311828,0.17656597495079,"Open"
1,-15.6095,-12.3233333333333,38.8333333333333,3.60119735819736,0.17656597495079,"Open"
1,-15.2888333333333,-8.88916666666667,39.7166666666667,2.17110253772291,0.17656597495079,"Open"
1,-14.884,-6.32916666666667,39.3458333333333,1.44206547619048,0.17656597495079,"Open"
1,-11.4928333333333,-5.19196078431373,46.8541666666667,2.15754001337531,0.17656597495079,"Open"
1,-11.3655,-5.87316666666667,45.2291666666667,1.07390710382514,0.17656597495079,"Open"
1,-10.4115,-4.4285,50.6416666666667,1.87881944444444,0.17656597495079,"Open"
1,-19.6246666666667,-11.0976666666667,58.0291666666667,2.12108796296296,0.17656597495079,"Open"
1,-19.4645,-10.7708333333333,56.9666666666667,2.22938977190203,0.17656597495079,"Open"
1,-13.7006666666667,1.38933333333333,55.8041666666666,1.81326388888889,0.17656597495079,"Open"
1,-5.98516666666667,-1.91933333333333,52.8625,1.17131944444444,0.17656597495079,"Open"
1,-11.5273333333333,0.340333333333333,51.8958333333333,3.75946759259259,0.17656597495079,"Open"
1,-14.07,7.87033333333333,50.6875,1.48187830687831,0.17656597495079,"Open"
1,-5.79833333333333,1.46783333333333,48.9791666666667,4.62795138078704,0.17656597495079,"Open"
1,-9.6858335,-6.329,48.1041666666667,2.76325231597222,0.17656597495079,"Open"
1,-18.1788333333333,-1.5445,47.9166666666667,1.7330787025463,0.17656597495079,"Open"
1,-6.18,14.0861666666667,45.1041666666667,1.66269675810185,0.17656597495079,"Open"
1,-0.932333333333333,13.4748333333333,39.8333333333333,1.74594907291667,0.17656597495079,"Open"
1,-4.13166666666667,10.1786666666667,34.2916666666667,0.970879630787037,0.17656597495079,"Open"
1,2.26416666666667,9.3375,32.5,4.80387666629557,0.17656597495079,"Open"
1,3.56116666666667,13.7483333333333,22.1416666666667,2.1149537037037,0.17656597495079,"Open"
1,0.0435,9.3825,18.3083333333334,0.673564814814815,0.17656597495079,"Open"
1,-4.45533333333333,0.755333333333333,21.15,1.63159722222222,0.17656597495079,"Open"
1,-8.71066666666667,-3.6755,21.0083333333333,3.4712037037037,0.17656597495079,"Open"
1,-12.0653333333333,-7.4175,37.7458333333334,3.18895833333333,0.17656597495079,"Open"
1,-16.5723333333333,-1.77983333333333,37.3125,1.99381944444444,0.17656597495079,"Open"
1,-18.3618333333333,4.98733333333333,35.8643442622951,1.15983278075763,0.17656597495079,"Open"
1,-3.87916666666667,1.80790322580645,32.8833333333334,2.26553619318664,0.17656597495079,"Open"
1,-15.2733333333333,-4.2735,31.7416666666666,3.4401273125,0.17656597495079,"Open"
1,-18.2175,-4.84283333333333,32.8125,1.33969907407407,0.17656597495079,"Open"
1,-20.8713333333333,-7.07533333333333,33.8166666666666,1.4420864922138,0.17656597495079,"Open"
1,-19.3668333333333,0.799090918181818,31.9083333333334,2.7216092136995,0.17656597495079,"Open"
1,-3.82816666666667,5.00433333333333,29.6041666666667,4.0588653459092,0.17656597495079,"Open"
1,3.1185,7.94566666666667,21.45,3.36770833333333,0.17656597495079,"Open"
1,-2.10816666666667,9.6585,12.7458333333333,6.56384297207043,0.17656597495079,"Open"
1,-9.2135,1.53,12.1791666666667,7.10648148148148,0.17656597495079,"Open"
1,-9.97416666666667,-4.24616666666667,11.3458333333333,4.52930555555556,0.17656597495079,"Open"
1,-17.3008333333333,-10.9296666666667,11.8333333333333,4.89766203703704,0.17656597495079,"Open"
1,-17.2671666666667,-9.5415,12.5681034482758,3.07184443988323,0.17656597495079,"Open"
1,-18.607,-7.43633333333333,13.4958333333333,1.156875,0.17656597495079,"Open"
1,-18.426,-7.0445,13.6333333333334,1.48349537037037,0.17656597495079,"Open"
1,-22.1211666666667,-5.94416666666667,14.7291666666667,1.36090277777778,0.17656597495079,"Open"
1,-18.0681666666667,-1.29016666666667,13.1875,1.60041666666667,0.17656597495079,"Open"
1,-13.6673333333333,7.14466666666667,10.3583333333333,0.874189814814815,0.17656597495079,"Open"
1,-1.79166666666667,0.915,10.7625,1.55916666666667,0.17656597495079,"Open"
1,-3.646,0.607833333333333,16.2791666666667,2.26145833333333,0.17656597495079,"Open"
1,-4.93166666666667,4.7315,15.925,1.95261574074074,0.17656597495079,"Open"
1,-3.674,9.40116666666667,8.72916666666667,1.47650462962963,0.17656597495079,"Open"
1,-12.3716666666667,1.10566666666667,6.94583333333333,3.38768518518519,0.17656597495079,"Open"
1,-17.0718333333333,2.28283333333333,9.07083333333333,0.809976851851852,0.17656597495079,"Open"
1,-3.7655,0.308,16.1958333333334,2.20342592592593,0.17656597495079,"Open"
1,-0.6335,2.06633333333333,14.3708333333333,1.29532407407407,0.17656597495079,"Open"
1,-0.977166666666667,2.35716666666667,15.2958333333334,1.91135021227085,0.17656597495079,"Open"
1,-0.386393442622951,2.98316666666667,14.3621031746031,0.651958800892191,0.17656597495079,"Open"
1,-2.02533333333333,5.65216666666667,16.1500683060109,0.653669471924808,0.17656597495079,"Open"
1,-4.372,13.1928333333333,12.2849206349206,0.793977767746535,0.17656597495079,"Open"
1,-5.46383333333333,4.30816666666667,11.2573953823954,1.04990069553556,0.17656597495079,"Open"
1,0.127833333333333,7.28233333333333,10.6283882783883,2.25626759586878,0.17656597495079,"Open"
1,-2.55,9.36866666666667,9.93838797814208,1.99582183044575,0.17656597495079,"Open"
0,1.25916666666667,5.00633333333333,5.7875,5.86571759259259,0.168082609772682,"Open"
0,-0.618,2.13833333333333,7.25833333333333,3.04388888888889,0.168082609772682,"Open"
0,-1.20966666666667,0.439166666666667,6.74583333333334,1.98243055555556,0.168082609772682,"Open"
0,-1.48583333333333,0.00533333333333333,7.3125,1.9187962962963,0.168082609772682,"Open"
0,-1.03396825396825,0.569666666666667,9.21666666666667,3.48100000283293,0.168082609772682,"Open"
0,-3.61833333333333,1.37633333333333,5.99583333333334,5.76507476110485,0.168082609772682,"Open"
0,-7.05166666666667,-4.02416666666667,5.55833333333334,9.58649304166666,0.168082609772682,"Open"
0,-9.73499991666667,-4.80666666666667,5.1625,6.77012730671296,0.168082609772682,"Open"
0,-8.76083316666667,-3.58416666666667,5.99583333333333,3.44694444560185,0.168082609772682,"Open"
1,-10.2875,-5.95033333333333,5.74583333333334,2.84653935300926,0.168082609772682,"Open"
1,-6.9225,-2.09983333333333,16.7875,1.51243055555556,0.168082609772682,"Open"
1,-14.8425,-2.85166666666667,17.3916666666667,4.79026619675926,0.168082609772682,"Open"
1,-18.0291666666667,-10.3766666666667,16.1208333333334,3.95957175694444,0.168082609772682,"Open"
1,-18.2628333333333,-8.85749983333333,14.6833333333333,8.34981479629629,0.168082609772682,"Open"
1,-22.0991666666667,-13.7703333333333,14.2458333333333,4.26130132954793,0.168082609772682,"Open"
1,-15.105,-8.98383333333333,14.1833333333333,2.11493805620177,0.168082609772682,"Open"
1,-12.674,-7.87216666666667,20.6375,4.07016203703704,0.168082609772682,"Open"
1,-23.906,-11.0881666666667,34.5208333333333,4.515,0.168082609772682,"Open"
1,-26.0295,-11.0233333333333,33.4708333333333,5.44830553513977,0.168082609772682,"Open"
1,-9.81933333333333,-1.86433333333333,38.125,9.71618055555556,0.168082609772682,"Open"
1,-5.59083333333333,1.32266666666667,36.9625,3.99854166666667,0.168082609772682,"Open"
1,-6.39366666666667,2.81283333333333,36.0083333333334,4.1993287037037,0.168082609772682,"Open"
1,-5.16183333333333,1.63066666666667,35.5,3.03011574074074,0.168082609772682,"Open"
1,0.245,2.432,37.7291666666667,1.65398148148148,0.168082609772682,"Open"
1,0.256833333333333,2.09983333333333,35.9291666666667,3.74891203703704,0.168082609772682,"Open"
1,-4.74783333333333,6.614,27.5041666666666,10.227337962963,0.168082609772682,"Open"
1,-9.53166666666667,-3.27966666666667,26.475,5.50974537037037,0.168082609772682,"Open"
1,-9.68516666666667,3.69633333333333,25.1125,5.08956018518519,0.168082609772682,"Open"
1,-3.26583333333333,0.89,24.775,7.51944697346739,0.168082609772682,"Open"
1,-6.2855,0.462,24.3458333333334,4.69215277777778,0.168082609772682,"Open"
1,-6.57016666666667,0.8095,24.2208333333333,4.28155092592593,0.168082609772682,"Open"
1,-9.29816666666667,1.84,24.0666666666666,2.42152777777778,0.168082609772682,"Open"
1,-5.36616666666667,4.3635,23.5375,2.35583333333333,0.168082609772682,"Open"
1,-9.73133333333333,1.70766666666667,21.2166666666667,3.75585648148148,0.168082609772682,"Open"
1,-15.9958333333333,-10.7771666666667,20.8833333333333,7.41523148148148,0.168082609772682,"Open"
1,-18.0891666666667,-12.851,20.9833333333333,4.81393518518519,0.168082609772682,"Open"
1,-20.0613333333333,-14.6768333333333,21.1916666666666,3.49983796296296,0.168082609772682,"Open"
1,-18.5548333333333,-9.42416666666667,20.9916666666666,4.68615740740741,0.168082609772682,"Open"
1,-18.8046666666667,-8.632,20.7333333333333,2.90328703703704,0.168082609772682,"Open"
1,-8.371,-1.76383333333333,20.5916666666666,3.96733796296296,0.168082609772682,"Open"
1,-7.5015,7.001,18.0541666666667,9.01435185185185,0.168082609772682,"Open"
1,-8.138,1.5585,15.9125,5.53171296296296,0.168082609772682,"Open"
1,-9.872,-4.846,16.0875,5.00511574074074,0.168082609772682,"Open"
1,-14.15,-9.55116666666667,15.6916666666666,3.98294126241964,0.168082609772682,"Open"
1,-10.832,-0.841833333333333,15.5166666666667,1.3974537037037,0.168082609772682,"Open"
1,-11.3513333333333,1.50283333333333,15.8875,0.729421296296296,0.168082609772682,"Open"
1,-5.71283333333333,1.73283333333333,15.3,1.84122685185185,0.168082609772682,"Open"
1,0.674833333333333,1.70566666666667,13.7333333333334,2.57627314814815,0.168082609772682,"Open"
1,-0.327833333333333,1.53516666666667,12.6958333333334,5.94770833333333,0.168082609772682,"Open"
1,-0.681,2.54338983050847,11.8285310734463,1.90958744947743,0.168082609772682,"Open"
1,1.42733333333333,3.23383333333333,9.86666666666666,1.47140830979284,0.168082609772682,"Open"
1,1.99633333333333,9.75516666666667,6.61779661016949,2.14717984934087,0.168082609772682,"Open"
1,2.38457627118644,4.51949152542373,3.12916666666666,1.46459274952919,0.168082609772682,"Open"
1,1.78067796610169,4.85566666666667,2.62916666666667,2.40251824387947,0.168082609772682,"Open"
1,0.322,2.76416666666667,2.73333333333334,1.94034251412429,0.168082609772682,"Open"
1,0.0806666666666667,0.981,4.95833333333333,4.40880237758945,0.168082609772682,"Open"
1,-2.55066666666667,0.495666666666667,6.41666666666667,3.95052088643368,0.168082609772682,"Open"
1,-6.60716666666667,-2.84316666666667,6.32083333333333,7.43689569614747,0.168082609772682,"Open"
1,-6.84033333333333,-2.52566037735849,6.40833333333333,4.93698193547701,0.168082609772682,"Open"
1,-8.06216666666667,-3.41933333333333,6.34166666666667,3.32618055555556,0.168082609772682,"Open"
1,-13.88,0.233333333333333,7.37916666666666,2.66020833333333,0.168082609772682,"Open"
1,0.0245,3.54133333333333,8.38333333333334,5.30241959828167,0.168082609772682,"Open"
1,-9.37,1.21916666666667,7.29583333333333,3.90970496409387,0.168082609772682,"Open"
0,-12.4426153846154,-7.93304347826087,8.12083333333333,5.54123756633102,0.168082609772682,"Open"
0,-12.475,-5.605,8.1,4.70632641376101,0.168082609772682,"Open"
0,-12.6391666666667,-0.785833333333333,8.26666666666667,4.36601444036117,0.168082609772682,"Open"
0,-5.78833333333333,1.73566666666667,8.12083333333333,3.45331931798246,0.168082609772682,"Open"
0,-8.19999983333333,8.12733333333333,6.2875,0.764473194833489,0.168082609772682,"Open"
0,1.31916666666667,2.58666666666667,5.18333333333333,2.73109966292713,0.168082609772682,"Open"
0,NA,NA,NA,NA,0.168082609772682,"Open"
0,NA,NA,NA,NA,0.168082609772682,"Open"
0,-1.80060606060606,4.96816666666667,2.7375,6.96179202741703,0.168082609772682,"Open"
0,1.27816666666667,6.0445,2.02916666666667,1.71909722222222,0.168082609772682,"Open"
0,-0.4515,5.45733333333333,1.82083333333334,5.84490740740741,0.168082609772682,"Open"
0,-3.67716666666667,7.22233333333333,2.11666666666667,5.40935185185185,0.168082609772682,"Open"
0,-0.477,8.24166658333333,2.57916666666666,6.5429322867972,0.168082609772682,"Open"
0,-4.4425,0.8315,2.12083333333334,4.76645832407407,0.168082609772682,"Open"
0,-2.07083333333333,3.77266666666667,1.5375,2.23256944212963,0.168082609772682,"Open"
0,-2.88416666666667,16.811,1.6625,2.45894675,0.168082609772682,"Open"
0,3.31416666666667,17.9338333333333,2.62083333333334,2.98295138657407,0.168082609772682,"Open"
0,-0.969166675,18.0906666666667,3.1,0.777349537037037,0.168082609772682,"Open"
0,3.90333333333333,16.825,4.20416666666667,3.73850115856482,0.168082609772682,"Open"
0,8.09216666666667,18.5838333333333,3.55416666666667,2.0431712962963,0.168082609772682,"Open"
0,7.3645,21.3313333333333,4.4625,6.17583333333333,0.168082609772682,"Open"
0,0.515,11.31,5.575,4.80377314814815,0.168082609772682,"Open"
0,-3.01883333333333,1.294,4.575,7.75502314814815,0.168082609772682,"Open"
0,-7.99133333333333,-3.34616666666667,5.38333333333333,6.03773148148148,0.168082609772682,"Open"
0,-7.07316666666667,6.604,4.86666666666667,6.35800925925926,0.168082609772682,"Open"
0,-4.37283333333333,10.343,4.3,2.05361111111111,0.168082609772682,"Open"
0,4.77133333333333,14.6851666666667,4.2,2.42907407407407,0.168082609772682,"Open"
0,-2.66783333333333,6.18833333333333,4.38333333333333,5.57270833333333,0.168082609772682,"Open"
0,-4.59716666666667,-1.14516666666667,4.775,4.07284722222222,0.168082609772682,"Open"
0,-9.28933333333333,-0.8915,4.68333333333333,3.34506944444444,0.168082609772682,"Open"
0,-2.88883333333333,3.30016666666667,3.49166666666666,3.97722222222222,0.168082609772682,"Open"
0,-0.360666666666667,13.0338333333333,4.47083333333333,4.30393518518519,0.168082609772682,"Open"
0,9.62866666666667,17.5165,3.41666666666667,6.54076388888889,0.168082609772682,"Open"
0,3.19216666666667,17.632,3.71666666666667,13.1234722222222,0.168082609772682,"Open"
0,0.622666666666667,7.51896551724138,2.84166666666667,13.3730882822478,0.168082609772682,"Open"
0,-1.127,3.63833333333333,4.17916666666667,2.8937962962963,0.168082609772682,"Open"
0,-7.31283333333333,-1.157,4.28333333333333,6.08337962962963,0.168082609772682,"Open"
0,-10.6286666666667,-3.68183333333333,3.75833333333334,4.44069444444444,0.168082609772682,"Open"
0,-10.045,-0.5845,3.19583333333334,2.38708333333333,0.168082609772682,"Open"
0,-7.00283333333333,-2.50916666666667,7.17916666666667,8.49564814814815,0.168082609772682,"Open"
0,-12.9465,-4.8875,5.575,6.16497685185185,0.168082609772682,"Open"
0,-10.4391666666667,-0.0475,3.54166666666667,3.70833333333333,0.168082609772682,"Open"
0,-10.4195,4.75066666666667,3.17083333333334,2.31927371109767,0.168082609772682,"Open"
0,0.229,9.0575,3.62916666666667,3.94662037037037,0.168082609772682,"Open"
0,-0.98,5.46483333333333,3.1875,4.76282407407407,0.168082609772682,"Open"
0,-3.81666666666667,11.3516666666667,3.28333333333333,3.16840277777778,0.168082609772682,"Open"
0,3.51133333333333,15.9851666666667,3.27083333333333,3.38194444444445,0.168082609772682,"Open"
0,-2.402,9.46616666666667,3.675,4.42298611111111,0.168082609772682,"Open"
0,-6.37416666666667,4.466,3.97916666666667,3.72345752401329,0.168082609772682,"Open"
0,-3.52633333333333,7.71466666666667,4.37916666666666,5.01699074074074,0.168082609772682,"Open"
0,4.0075,21.268,3.9125,5.35282407407407,0.168082609772682,"Open"
0,2.7805,4.651,4.5875,5.81023148148148,0.168082609772682,"Open"
0,4.61616666666667,9.09316666666667,4.575,2.79388888888889,0.168082609772682,"Open"
0,4.85183333333333,9.173,4.6375,1.76844907407407,0.168082609772682,"Open"
0,3.47133333333333,14.4803333333333,3.64166666666666,3.70590277777778,0.168082609772682,"Open"
0,0.633666666666667,9.5485,4.6,4.24164351851852,0.168082609772682,"Open"
0,3.1165,4.81433333333333,5.95833333333333,7.12928240740741,0.168082609772682,"Open"
0,1.553,6.33,4.6375,8.9603781512605,0.168082609772682,"Open"
0,-2.67183333333333,2.1315,21.35,1.25335648148148,0.178504437208176,"Open"
0,-3.0185,-0.505666666666667,19.725,1.00731481481481,0.178504437208176,"Open"
0,-3.87216666666667,-1.87433333333333,23.2875,0.241506064544076,0.178504437208176,"Open"
0,-3.8305,-1.32266666666667,24.1416666666667,0.616990740740741,0.178504437208176,"Open"
0,-1.35633333333333,2.36766666666667,22.475,1.05122685185185,0.178504437208176,"Open"
0,-7.0545,0.261,23.6416666666667,1.82268518518519,0.178504437208176,"Open"
0,-9.48233333333333,-7.02783333333333,22.6625,3.06884259259259,0.178504437208176,"Open"
0,-10.9616666666667,-3.38033333333333,22.7666666666667,1.94962962962963,0.178504437208176,"Open"
0,-12.9096666666667,-7.88183333333333,22.4125,1.05784722222222,0.178504437208176,"Open"
1,-14.8515,-11.1561666666667,22.1833333333334,0.460949074074074,0.178504437208176,"Open"
1,-13.3738333333333,-7.0305,22.0791666666667,0.968356481481481,0.178504437208176,"Open"
1,-12.7343333333333,-6.0305,21.0583333333334,0.878472222222222,0.178504437208176,"Open"
1,-21.2383333333333,-12.9273333333333,21.0375,1.29828703703704,0.178504437208176,"Open"
1,-20.6525,-14.6913333333333,20.9541666666667,2.28206018518519,0.178504437208176,"Open"
1,-24.3261666666667,-12.4283333333333,21.0791666666667,0.914375,0.178504437208176,"Open"
1,-21.3646666666667,-11.4151666666667,20.3916666666667,0.137752275580665,0.178504437208176,"Open"
1,-18.0951666666667,-9.8245,22.2666666666667,0.668032407407407,0.178504437208176,"Open"
1,-30.2586666666667,-18.774,21.8083333333333,0.474421296296296,0.178504437208176,"Open"
1,-24.9938333333333,-8.31583333333333,20.8291666666667,1.92418981481481,0.178504437208176,"Open"
1,-11.5905,2.73283333333333,20.3083333333333,2.41405092592593,0.178504437208176,"Open"
1,-8.45816666666667,-0.480333333333333,19.8708333333334,0.839513888888889,0.178504437208176,"Open"
1,-4.6695,3.8995,18.6,1.80641203703704,0.178504437208176,"Open"
1,-6.06416666666667,0.094,16.9541666666667,0.851319444444444,0.178504437208176,"Open"
1,-1.9335,1.3585,20.3083333333333,0.250023148148148,0.178504437208176,"Open"
1,-5.34333333333333,-0.203666666666667,21.1833333333334,3.3025462962963,0.178504437208176,"Open"
1,-8.87366666666667,3.7735,17.3916666666667,4.075,0.178504437208176,"Open"
1,-13.3531666666667,-8.83666666666667,16.8291666666667,1.54645833333333,0.178504437208176,"Open"
1,-10.7706666666667,-1.35516666666667,16.85,1.20374716925078,0.178504437208176,"Open"
1,-6.41283333333333,-1.681,16.7041666666667,2.3755787037037,0.178504437208176,"Open"
1,-10.3041666666667,-6.7305,16.2708333333333,1.09532407407407,0.178504437208176,"Open"
1,-11.4143333333333,-4.70766666666667,19.9458333333333,0.884652777777778,0.178504437208176,"Open"
1,-10.6288333333333,-3.032,20.2333333333333,0.684189814814815,0.178504437208176,"Open"
1,-5.97916666666667,-0.502166666666667,19.4,1.80828703703704,0.178504437208176,"Open"
1,-15.0695,-0.925,20.8208333333333,1.37375,0.178504437208176,"Open"
1,-23.8133333333333,-15.8721666666667,20.5375,2.23185185185185,0.178504437208176,"Open"
1,-27.822,-19.0778333333333,21.7208333333334,0.764400775193798,0.178504437208176,"Open"
1,-32.1913333333333,-16.7771666666667,22.1291666666666,0.229895833333333,0.178504437208176,"Open"
1,-32.4925,-15.6716666666667,21.4958333333334,0.869375,0.178504437208176,"Open"
1,-22.7545,-11.9971666666667,20.9166666666667,0.659895833333333,0.178504437208176,"Open"
1,-13.9158333333333,-7.07316666666667,21.2916666666667,0.958896616130383,0.178504437208176,"Open"
1,-13.2616666666667,-1.566,24.35,1.94527777777778,0.178504437208176,"Open"
1,-18.975,-13.7541666666667,40.6499999999999,0.629375,0.178504437208176,"Open"
1,-18.6356666666667,-10.0116666666667,41.1,1.18085648148148,0.178504437208176,"Open"
1,-30.944,-13.0101666666667,39.8083333333333,0.208194444444444,0.178504437208176,"Open"
1,-19.6958333333333,-4.25133333333333,38.5625,0.48599537037037,0.178504437208176,"Open"
1,-26.1221666666667,-2.20666666666667,38.0041666666667,0.355185185185185,0.178504437208176,"Open"
1,-17.2408333333333,1.23116666666667,36.9333333333333,0.0888194444444445,0.178504437208176,"Open"
1,-3.86933333333333,4.577,36.5418079096045,0.588436911487759,0.178504437208176,"Open"
1,-6.28816666666667,4.358,34.85,1.20795504436462,0.178504437208176,"Open"
1,-2.68433333333333,4.9005,34.1125,0.535162037037037,0.178504437208176,"Open"
1,-2.81733333333333,2.6595,33.3041666666666,0.364467592592593,0.178504437208176,"Open"
1,0.0313333333333333,3.22133333333333,30.4791666666667,0.92974537037037,0.178504437208176,"Open"
1,0.519833333333333,3.39866666666667,25.0708333333333,0.0613888888888889,0.178504437208176,"Open"
1,-0.316166666666667,3.24766666666667,21.9875,0.0475694444444444,0.178504437208176,"Open"
1,-0.313666666666667,2.7495,18.55,0.367662037037037,0.178504437208176,"Open"
1,-3.9075,0.816666666666667,18.4958333333333,0.714097222222222,0.178504437208176,"Open"
1,-3.7705,-0.651666666666667,18.1416666666667,1.93261574074074,0.178504437208176,"Open"
1,-7.57266666666667,-1.24916666666667,17.4166666666667,1.81331018518518,0.178504437208176,"Open"
1,-7.08,-3.37866666666667,18.1666666666667,1.99071759259259,0.178504437208176,"Open"
1,-11.5288333333333,-5.86533333333333,18.1708333333333,1.66689814814815,0.178504437208176,"Open"
1,-18.7516666666667,-8.136,18.4583333333333,0.898333333333333,0.178504437208176,"Open"
1,-11.0415,-2.98766666666667,23.7958333333333,0.379529582548651,0.178504437208176,"Open"
1,-15.6153333333333,-5.21783333333333,23.65,1.21224537037037,0.178504437208176,"Open"
1,-19.249,-11.3758333333333,24.6375,2.17888888888889,0.178504437208176,"Open"
1,-23.5576666666667,-9.32,24.4416666666666,1.02627314814815,0.178504437208176,"Open"
1,-20.4105,-4.63533333333333,24.5333333333333,0.90787037037037,0.178504437208176,"Open"
1,-12.4771666666667,-4.37883333333333,25.0583333333333,1.23712682379349,0.178504437208176,"Open"
1,-10.0426666666667,-0.6815,25.0208333333333,1.19194444444444,0.178504437208176,"Open"
1,-8.14666666666667,-2.41633333333333,24.7083333333333,1.59317204301075,0.178504437208176,"Open"
1,-17.975,-7.9475,NA,1.35791666666667,0.178504437208176,"Open"
1,-22.0743333333333,-10.4568333333333,NA,1.09,0.178504437208176,"Open"
1,-13.0071666666667,0.6395,NA,1.53010416666667,0.178504437208176,"Open"
1,-6.46533333333333,0.575166666666667,NA,0.221909722222222,0.178504437208176,"Open"
1,-2.79216666666667,1.36133333333333,NA,3.00600694444444,0.178504437208176,"Open"
1,-11.9555,6.01316666666667,NA,1.29361111111111,0.178504437208176,"Open"
1,-5.70683333333333,2.83916666666667,24.2541666666666,2.60971516007533,0.178504437208176,"Open"
1,-8.8735,-4.03483333333333,24.0125,1.34824074074074,0.178504437208176,"Open"
1,-9.4535,-2.006,24.2375,0.8056720807753,0.178504437208176,"Open"
1,-5.81983333333333,12.9123333333333,23.2916666666667,0.858819444444444,0.178504437208176,"Open"
1,-1.22166666666667,13.1546666666667,22.325,0.977245370370371,0.178504437208176,"Open"
1,-3.51483333333333,14.2705,19.6458333333333,0.438217592592592,0.178504437208176,"Open"
1,4.43866666666667,9.87433333333333,17.3333333333333,2.78655092592593,0.178504437208176,"Open"
1,2.6585,12.9983333333333,9.525,1.49901696504638,0.178504437208176,"Open"
1,1.98816666666667,11.9530555555556,NA,0.390385041731873,0.178504437208176,"Open"
1,-1.73516666666667,3.68375,NA,0.931750823226396,0.178504437208176,"Open"
1,-8.91,-1.80208333333333,NA,1.59906975446661,0.178504437208176,"Open"
1,-11.8686666666667,-4.83541666666667,NA,1.80519883741279,0.178504437208176,"Open"
1,-11.4641666666667,0.0655555555555556,NA,1.46019362121805,0.178504437208176,"Open"
1,-15.5628333333333,4.37319444444444,NA,1.023251907277,0.178504437208176,"Open"
1,-0.895166666666667,6.6985,7.43333333333333,1.06077807971014,0.178504437208176,"Open"
1,-11.4353333333333,-1.03766666666667,14.1833333333333,1.48479166666667,0.178504437208176,"Open"
1,-19.5405,-3.02816666666667,12.7458333333333,1.096875,0.178504437208176,"Open"
1,-24.3223333333333,-5.27066666666667,12.5291666666667,0.612731481481481,0.178504437208176,"Open"
1,-19.6651666666667,0.197333333333333,12.075,2.51761574074074,0.178504437208176,"Open"
1,-3.62183333333333,5.21366666666667,9.65,2.10454024357562,0.178504437208176,"Open"
1,5.081,12.1673333333333,3.08333333333333,1.9106712962963,0.178504437208176,"Open"
0,-2.34266666666667,10.8828333333333,2.93749999999999,4.54803240740741,0.178504437208176,"Open"
0,-7.47266666666667,1.80366666666667,5.64583333333333,5.29978180024287,0.178504437208176,"Open"
0,-9.71616666666667,-0.846166666666667,7.14166666666665,1.71134259259259,0.178504437208176,"Open"
0,-16.4325,-9.27566666666667,7.70833333333333,2.3743287037037,0.178504437208176,"Open"
0,-17.8375,-6.878,7.73749999999999,1.2992338588858,0.178504437208176,"Open"
0,-17.4351666666667,-5.30683333333333,7.40416666666667,0.529814814814815,0.178504437208176,"Open"
0,-12.3513333333333,-5.23983333333333,6.02499999999999,1.55497685185185,0.178504437208176,"Open"
0,-21.4128333333333,-4.397,5.52916666666667,0.851435185185185,0.178504437208176,"Open"
0,-20.4081666666667,0.706333333333333,6.425,0.746666666666667,0.178504437208176,"Open"
0,-16.032,4.91733333333333,5.04583333333333,0.643263888888889,0.178504437208176,"Open"
0,-1.8945,1.459,6.99166666666665,0.89761574074074,0.178504437208176,"Open"
0,-3.55666666666667,0.222166666666667,6.43749999999999,1.22060185185185,0.178504437208176,"Open"
0,-4.85583333333333,6.03533333333333,5.21666666666665,1.41717592592593,0.178504437208176,"Open"
0,-3.89366666666667,9.9705,3.94583333333332,0.408217592592593,0.178504437208176,"Open"
0,-9.90133333333333,-0.2055,4.86666666666665,1.74509259259259,0.178504437208176,"Open"
0,-15.1556666666667,1.64116666666667,5.67083333333333,0.715462962962963,0.178504437208176,"Open"
0,-4.20733333333333,3.254,4.98749999999999,1.45199074074074,0.178504437208176,"Open"
0,0.00133333333333333,2.2905,4.20833333333333,0.545347222222222,0.178504437208176,"Open"
0,-0.0748333333333333,4.242,4.12083333333333,3.21595650782897,0.178504437208176,"Open"
0,-0.344333333333333,3.5565,3.46666666666665,0.613924663299664,0.178504437208176,"Open"
0,-2.55883333333333,6.975,3.38333333333332,0.165852272727273,0.178504437208176,"Open"
0,-5.90666666666667,14.9536666666667,3.07499999999999,0.564201388888889,0.178504437208176,"Open"
0,-3.61883333333333,9.16216666666667,2.41666666666667,0.938472222222222,0.178504437208176,"Open"
0,0.3165,5.56,2.30416666666665,2.93401620023148,0.178504437208176,"Open"
0,-2.88066666666667,12.0875,4.19166666666666,1.7308912037037,0.178504437208176,"Open"
